year,gdi,comp,wages,supp,topi,subsidies,interest,bctp,prop,rental,cprof,ctax,cprof_at,cfc,topi_net,ucap,ni,lab_net,cap_net,prop_net,capmax_net,labmax_net,lab_gross
1929,103822,51407,50459,948,6824,46,4038,511,14015,6065,10601,1365,9236,10409,6778,19850,85272,60.28590862182193,23.278450136035275,16.43564124214279,39.71409137817807,76.72154986396473,49.51455375546609
1930,92606,47166,46213,953,6971,73,4256,467,10872,5371,7361,842,6519,10217,6898,16613,74651,63.182006938955944,22.25422298428688,14.563770076757176,36.817993061044056,77.74577701571312,50.931905060147294
1931,76653,40070,39156,914,6669,145,4298,538,8315,4440,2955,498,2457,9514,6524,11733,60118,66.65225057387138,19.516617319272097,13.831132106856515,33.347749426128615,80.4833826807279,52.274535895529205
1932,59248,31338,30513,825,6570,117,4086,579,5012,3599,-156,383,-539,8338,6453,7725,44075,71.10153148043108,17.526942711287578,11.371525808281339,28.898468519568915,82.47305728871243,52.89292465568458
1933,56636,29786,29026,760,6864,166,3673,515,5268,2858,-173,521,-694,8012,6698,6352,41406,71.93643433318843,15.340771868811283,12.72279379800029,28.063565666811574,84.65922813118871,52.59199095981354
1934,66428,34552,33733,819,7625,467,3807,502,7007,2516,2457,744,1713,8430,7158,8538,50097,68.9701978162365,17.042936702796574,13.986865480966925,31.0298021837635,82.95706329720342,52.01421087493226
1935,74471,37666,36721,945,7990,598,3880,506,10124,2564,3859,951,2908,8480,7392,9858,57648,65.33791285040245,17.100333055786844,17.561754093810713,34.66208714959756,82.89966694421315,50.578077372399996
1936,83648,43288,41953,1335,8461,289,3651,533,10393,2684,6126,1409,4717,8801,8172,11585,65266,66.32549872828119,17.750436674531915,15.924064597186897,33.67450127171881,82.24956332546809,51.75019127773527
1937,93048,48309,46138,2171,8941,347,3589,524,12521,2966,6780,1502,5278,9767,8594,12357,73187,66.00762430486289,16.884146091518986,17.108229603618128,33.99237569513711,83.11585390848101,51.91836471498581
1938,86671,45411,43012,2399,8932,479,3571,410,10598,3480,4707,1029,3678,10042,8453,11139,67148,67.62822422112349,16.588729373920295,15.783046404956217,32.37177577887651,83.4112706260797,52.394687957909795
1939,92148,48551,45983,2568,9146,796,3602,435,11120,3716,6268,1441,4827,10103,8350,12580,72251,67.19768584517861,17.411523715934727,15.39079043888666,32.80231415482139,82.58847628406527,52.68806702261579
1940,101834,52746,49857,2889,9795,748,3327,451,12234,3847,9606,2834,6772,10577,9047,14397,79377,66.44997921312219,18.13749574813863,15.412525038739181,33.55002078687781,81.86250425186137,51.79606025492468
1941,128991,66181,62079,4102,11054,456,3256,527,16650,4415,15302,7610,7692,12062,10598,15890,98721,67.03842140983174,16.095866127774233,16.86571246239402,32.96157859016825,83.90413387222577,51.30668031102945
1942,166859,88026,82088,5938,11512,520,3181,545,23341,5454,20411,11415,8996,14911,10992,18176,129543,67.95118223292651,14.030862339146076,18.017955427927408,32.04881776707348,85.96913766085393,52.7547210519061
1943,204909,112714,105802,6912,12431,583,2898,642,28225,6024,24528,14074,10454,18031,11848,20018,160957,70.0273986219922,12.436862019048565,17.535739358959226,29.97260137800779,87.56313798095144,55.00685670224343
1944,221915,124372,116800,7572,13711,1041,2486,812,29346,6337,24549,12949,11600,21341,12670,21235,174953,71.08880670808732,12.137545512223284,16.7736477796894,28.911193291912685,87.86245448777672,56.04488204943334
1945,224176,126368,117557,8811,15095,1144,2347,891,30824,6578,20110,10689,9421,23107,13951,19237,176429,71.62541305567679,10.903536266713521,17.47105067760969,28.374586944323212,89.09646373328648,56.36999500392549
1946,226303,122525,112045,10480,16832,1359,1800,692,35671,6899,17552,9104,8448,25690,15473,17839,176035,69.60263583946374,10.133780214161957,20.2635839463743,30.397364160536256,89.86621978583804,54.14201314167289
1947,246753,132292,123028,9264,18106,398,2272,715,34579,6889,23178,11193,11985,29121,17708,21861,188732,70.09516139287456,11.583091367653605,18.321747239471843,29.90483860712545,88.41690863234639,53.613127297337826
1948,274719,144227,135464,8763,19726,540,2378,707,39279,7484,30132,12254,17878,31326,19186,28447,211953,68.04668959627843,13.421371719201899,18.53193868451968,31.95331040372158,86.5786282807981,52.49982709605087
1949,270731,144276,134675,9601,20904,498,2657,688,34690,7798,27933,10010,17923,32284,20406,29066,208032,69.3527918781726,13.971888940163051,16.67531918166436,30.64720812182741,86.02811105983695,53.291274364590684
1950,298565,158191,147175,11016,22950,843,2968,824,37514,8779,34790,17728,17062,33394,22107,29633,225338,70.20165262849586,13.150467298014538,16.647880073489603,29.79834737150414,86.84953270198547,52.98377237787417
1951,343468,185691,171593,14098,24745,1048,3429,1159,42594,9720,39454,22304,17150,37726,23697,31458,259743,71.49028077753779,12.111202226816507,16.398516995645696,28.509719222462202,87.8887977731835,54.06355177192635
1952,364737,201086,185634,15452,27121,774,3868,1199,43040,10816,37777,19107,18670,40606,26347,34553,278679,72.15685430190291,12.398853160805084,15.444292537292009,27.843145698097093,87.60114683919491,55.131779885232376
1953,385426,215252,198996,16256,29101,514,4403,1153,42017,12028,38496,19944,18552,43488,28587,36136,293405,73.36343961418517,12.316081866362195,14.320478519452633,26.63656038581483,87.6839181336378,55.84781514480082
1954,387641,214196,197320,16876,28889,327,5172,916,42255,13061,37498,17348,20150,45981,28562,39299,295750,72.42468300929839,13.287912087912089,14.287404902789518,27.575316990701605,86.71208791208791,55.25628094035461
1955,423348,230641,212221,18420,31467,201,5745,1298,44272,13423,47814,21789,26025,48893,31266,46491,321404,71.76046346654056,14.464972433448246,13.774564100011201,28.239536533459447,85.53502756655175,54.48023847992668
1956,451386,249357,229108,20249,34237,742,6445,1651,45819,13668,46825,21591,25234,54127,33495,46998,342174,72.87432709674026,13.735117221062968,13.390555682196776,27.125672903259744,86.26488277893704,55.24251970597227
1957,474395,262654,240029,22625,36616,1132,7630,1823,47785,14054,46048,20880,25168,58919,35484,48675,359114,73.13944875443453,13.554191705140985,13.30635954042449,26.860551245565475,86.44580829485902,55.36609787202648
1958,480584,264742,241389,23353,37720,1368,9043,1704,50158,14798,41334,18440,22894,62454,36352,48439,363339,72.86363423689723,13.33162693792849,13.804738825174287,27.136365763102777,86.66837306207151,55.08756013516888
1959,521454,285910,259923,25987,41052,1058,9205,1656,50346,15559,52796,22816,29980,65445,39994,56400,392656,72.81437186748707,14.36371785990791,12.82191027260503,27.18562813251294,85.63628214009209,54.829380923341276
1960,543690,301438,273010,28428,44547,1146,10146,1744,50587,16463,51543,21885,29658,67901,43401,58011,410036,73.51500843828347,14.147782145957915,12.337209415758617,26.484991561716534,85.85221785404208,55.44299141054645
1961,563124,310566,280663,29903,46968,2014,11734,1899,53199,17200,52629,22203,30426,70604,44954,61259,425024,73.0702266224966,14.41306843848818,12.51670493901521,26.929773377503388,85.58693156151182,55.150552986553585
1962,603951,332297,299453,32844,50382,2273,13380,2119,55234,18046,60271,23296,36975,74100,48109,70520,458051,72.5458518811224,15.395665548159485,12.058482570718107,27.454148118877594,84.60433445184051,55.020523188139435
1963,638918,350471,314914,35557,53386,2234,14382,2527,56398,18728,66427,25491,40936,78018,51152,76573,483442,72.49494251637218,15.839128582125674,11.665928901502145,27.50505748362782,84.16087141787433,54.85383100804798
1964,684510,376029,337842,38187,57269,2729,16480,3005,59132,18831,73239,26573,46666,82390,54540,84982,520143,72.29338854891827,16.338199302884014,11.368412148197708,27.70661145108172,83.66180069711598,54.93404040846737
1965,741547,405410,363752,41658,60709,3007,18574,3485,63662,19336,84583,29768,54815,88008,57702,96210,565282,71.7181866749693,17.019823733994713,11.261989591035979,28.281813325030694,82.98017626600529,54.670843520370255
1966,808333,449225,400297,48928,63211,3949,21320,3390,67933,19910,91594,32232,59362,95311,59262,103982,621140,72.32266477766687,16.740509385967737,10.936825836365392,27.67733522233313,83.25949061403226,55.57424972134009
1967,856600,481760,428979,52781,67937,3811,24340,3628,69475,20345,89091,30992,58099,103557,64126,106412,657647,73.25510494231708,16.180717010797586,10.564178046885335,26.74489505768292,83.81928298920242,56.240952603315435
1968,937518,530739,471960,58779,76407,4174,26515,4182,73832,20096,96111,37164,58947,113357,72233,109740,714311,74.30082975062683,15.363056147812367,10.336114101560804,25.69917024937317,84.63694385218763,56.61107306739711
1969,1016032,584436,518311,66125,83856,4534,33241,4799,77005,20348,91821,36958,54863,124896,79322,113251,774692,75.44107851894688,14.618842068848007,9.940079412205108,24.558921481053115,85.38115793115199,57.52141664829454
1970,1067965,623324,551537,71787,91413,4777,40236,4356,77803,20664,79144,31263,47881,136839,86636,113137,814264,76.55060275291552,13.894388060874606,9.555009186209878,23.449397247084484,86.1056119391254,58.365583141769626
1971,1155333,664974,584528,80446,100493,4675,44449,4158,83904,21828,92792,34808,57984,148926,95818,128419,877297,75.79804786748387,14.63803022237623,9.563921910139896,24.201952132516126,85.36196977762377,57.55691216298678
1972,1271943,731334,638786,92548,107928,6636,48975,4779,95094,22719,107678,39110,68568,161011,101292,145041,971469,75.28124932447665,14.930069822094168,9.788680853429188,24.718750675523356,85.06993017790583,57.49738785464443
1973,1419232,812696,708775,103921,117220,5230,57951,5741,112521,23117,118492,45632,72860,178686,111990,159669,1084886,74.91072794745254,14.717583229943054,10.371688822604403,25.089272052547457,85.28241677005694,57.26308313228563
1974,1537793,887737,772304,115433,124902,3307,73598,6787,112213,23181,108236,47235,61001,206894,121595,164567,1164517,76.23220614211729,14.131781674290714,9.636012183591996,23.76779385788271,85.86821832570928,57.72799069835797
1975,1671561,947273,814881,132392,135292,4494,85253,9036,118238,22292,124228,46264,77964,238510,130798,194545,1260056,75.1770556229247,15.439393169827373,9.383551207247931,24.822944377075306,84.56060683017263,56.66996298669328
1976,1852757,1048384,899782,148602,146388,5125,87058,9136,130974,20308,157790,59418,98372,260226,141263,214874,1394232,75.19437224220933,15.411638809036086,9.393988948754583,24.80562775779067,84.58836119096391,56.58507834540633
1977,2062378,1165887,994220,171667,159664,7100,101945,8081,144492,15867,186670,68504,118166,289832,152564,244059,1554438,75.00376341803276,15.700787036858337,9.295449545108907,24.996236581967246,84.29921296314166,56.53119845149628
1978,2328274,1316864,1120669,196195,170898,8936,116037,10375,165974,16545,215700,77852,137848,327196,161962,280805,1763643,74.6672654273002,15.921873077487904,9.410861495211899,25.332734572699803,84.0781269225121,56.559666087410676
1979,2582331,1477302,1253385,223917,180101,8531,139387,12753,179438,16093,214605,80737,133868,373882,171570,302101,1958841,75.41714718039903,15.42243602211716,9.160416797483819,24.58285281960098,84.57756397788285,57.208080606242966
1980,2813037,1622345,1373520,248826,200330,9800,184013,13998,171569,18978,187655,75484,112171,428432,190530,329160,2123074,76.41490593356615,15.503934389474884,8.081159676958976,23.58509406643386,84.49606561052512,57.67236620065786
1981,3169341,1792681,1511529,281152,235644,11473,233387,16914,179680,23780,216215,70315,145900,487231,224171,419981,2392342,74.93414403124636,17.55522412765399,7.510631841099642,25.06585596875363,82.44477587234601,56.56320982816302
1982,3335141,1893175,1587709,305465,240933,15017,272993,19318,171191,23833,195169,51294,143875,536963,225916,460019,2524385,74.99549395199227,18.22301273379457,6.781493314213165,25.004506048007734,81.77698726620544,56.764466629746686
1983,3577187,2012662,1677686,334976,263281,21304,286596,21681,186250,24435,242847,66419,176428,562624,241977,509140,2708052,74.32139412389422,18.800968371360668,6.877637504745108,25.678605876105777,81.19903162863933,56.26381846965227
1984,3996190,2216083,1845126,370957,289773,21065,331112,29159,228247,24652,300699,81477,219222,598394,268708,604145,3048475,72.69480641960324,19.817941757764128,7.4872518226326275,27.305193580396757,80.18205824223587,55.4548957882383
1985,4284907,2387539,1982765,404774,308133,21360,352289,34060,241051,26204,314980,81610,233370,640137,286773,645923,3274513,72.91279649828844,19.725772962269502,7.361430539442049,27.087203501711553,80.2742270377305,55.7197390748504
1986,4499783,2543845,2104117,439729,323373,24895,374824,35961,256479,18268,284091,91871,192220,685295,298478,621273,3421597,74.3467158756569,18.157398431200402,7.495885693142705,25.653284124343106,81.8426015687996,56.532615017213054
1987,4811610,2723761,2257623,466139,347545,30282,378296,33292,286468,16594,322803,112702,210101,730385,317263,638283,3648512,74.65402333882963,17.494337417555432,7.851639243614931,25.34597666117036,82.50566258244457,56.608099991478944
1988,5233615,2948854,2440649,508205,374464,29501,409716,32755,325524,22492,359258,124266,234992,784496,344963,699955,3974333,74.19745652918364,17.61188606993928,8.190657400877077,25.80254347081636,82.38811393006071,56.344496108330475
1989,5573751,3140886,2584336,556550,398867,27428,463404,38266,341130,21524,351587,124422,227165,838258,371439,750359,4232375,74.21095720487905,17.729029209368264,8.06001358575268,25.789042795120942,82.27097079063174,56.35138706411535
1990,5867789,3342680,2743506,599175,424990,26994,471110,39178,353154,28168,343243,121816,221427,888532,397996,759883,4455717,75.02002483550908,17.05411272753633,7.925862436954591,24.979975164490924,82.94588727246366,56.96660190064776
1991,6065418,3453267,2817229,636038,457091,27488,438039,38890,354162,38577,372271,117813,254458,932393,429603,769964,4577393,75.44178531316844,16.821015805284798,7.7371988815467665,24.558214686831565,83.1789841947152,56.933701848743155
1992,6404817,3671211,2968506,702705,483375,30088,400982,39720,400155,60573,408200,131914,276286,960247,453287,777561,4848927,75.71182242999328,16.035733266349443,8.252444303657283,24.288177570006724,83.96426673365056,57.31952997251912
1993,6703129,3820610,3082660,737949,503126,36681,389907,39388,427984,90079,453787,155047,298740,1003498,466445,818114,5066708,75.40616116026422,16.146855117760882,8.446983721974899,24.59383883973578,83.85314488223912,56.997411209004035
1994,7147990,4010207,3240604,769603,545248,32523,389644,40714,456644,113667,556125,172671,383454,1055610,512725,927479,5394330,74.34115080093358,17.19359030685924,8.465258892207189,25.658849199066427,82.80640969314076,56.10258268408322
1995,7547593,4202178,3422112,780066,557903,34812,408671,44967,481186,124882,623730,194449,429281,1122381,523091,1007801,5691165,73.836868198339,17.708166957029007,8.454964844631986,26.163131801660995,82.29183304297099,55.67573662225825
1996,8016095,4421067,3620594,800473,580753,35234,415889,52645,543784,142528,701602,211386,490216,1175306,545519,1101278,6066129,72.88118996480293,18.154543037248303,8.964266997948775,27.118810035197075,81.8454569627517,55.15237780989372
1997,8567298,4713220,3881246,831974,611614,33810,455479,50061,583958,147059,782312,224762,557550,1239325,577804,1210149,6507327,72.42943223845981,18.596714134697702,8.97385362684248,27.570567761540183,81.4032858653023,55.01407795083117
1998,9119217,5075701,4186179,889522,639473,36368,511833,64078,640276,165206,732405,221805,510600,1309737,603105,1251717,6967694,72.84620995124068,17.96458053410497,9.189209514654346,27.153790048759316,82.03541946589503,55.65939488006481
1999,9660488,5409932,4465176,944757,673585,45209,518843,67684,696352,178497,745039,227386,517653,1398934,628376,1282677,7388961,73.21641026390584,17.359368928865642,9.424220807228513,26.783589736094154,82.64063107113437,56.00060783678837
2000,10346717,5854629,4832430,1022200,708556,45840,603736,85173,753559,183476,680747,233448,447299,1511225,662716,1319684,7927872,73.84868221888547,16.646131521800555,9.505186259313975,26.15131778111453,83.35386847819944,56.58441223433481
2001,10698659,6046343,4961629,1084714,727690,58710,627100,99226,831057,202403,618384,170148,448236,1599511,668980,1376965,8254365,73.25025001923225,16.681658734499866,10.068091246267883,26.749749980767753,83.31834126550014,56.514961361045344
2002,11010778,6143368,5004096,1139272,760030,41396,550295,80755,870133,208448,773589,160674,612915,1657984,718634,1452413,8465914,72.56591550540202,17.15600938067644,10.278075113921545,27.434084494597986,82.84399061932356,55.79413189513039
2003,11480643,6362296,5146959,1215337,805616,49057,518771,76048,897509,227098,918145,213763,704381,1719098,756559,1526298,8786103,72.4131733943934,17.371728967893958,10.215097637712647,27.586826605606603,82.62827103210604,55.417592899631146
2004,12245295,6729301,5430827,1298474,868098,46386,459037,81963,962895,242781,1125412,278512,846901,1821841,821712,1630682,9322878,72.18051121123756,17.491186734396823,10.328302054365615,27.819488788762442,82.50881326560318,54.95417627750087
2005,13096193,7077721,5702993,1374728,942438,60911,574129,90641,979140,221105,1304329,379749,924580,1971053,881527,1810455,9867316,71.72893824419934,18.347998584417486,9.92306317138318,28.271061755800666,81.65200141558252,54.04411037619864
2006,14025375,7491255,6068318,1422938,997039,51467,702095,79818,1050869,181120,1456385,430147,1026238,2124170,945572,1989271,10531395,71.13259924255048,18.888960104525562,9.978440652923949,28.867400757449513,81.11103989547443,53.41215475522045
2007,14461933,7889369,6407285,1482083,1036829,54584,813507,97247,995398,186259,1258028,391782,866246,2252751,982245,1963259,10848026,72.72630983738424,18.09784563569446,9.175844526921303,27.27369016261576,81.90215436430555,54.5526590394244
2008,14578667,8068679,6545949,1522730,1049740,52557,851777,112781,960304,290275,955428,255918,699509,2358968,997183,1954342,10983325,73.46299048785318,17.793719115113138,8.743290397033686,26.537009512146824,82.20628088488687,55.34579396044919
2009,14286347,7767191,6257281,1509910,1026817,58347,706240,125118,938126,347592,1076888,203933,872955,2371277,968470,2051905,10757222,72.2044315902377,19.074673740116175,8.720894669646123,27.795568409762296,80.92532625988383,54.367929044422624
2010,14979526,7932969,6380110,1552859,1063073,55808,610260,126327,1108503,433671,1388685,272267,1116418,2390391,1007265,2286676,11328148,70.0288255414742,20.18578853313004,9.78538592539575,29.971174458525788,79.81421146686996,52.958745156555686
2011,15624026,8234013,6634020,1599993,1103723,60008,574894,130122,1228337,506541,1449878,280763,1169115,2474368,1043715,2380672,11843022,69.52628307200645,20.10189628964634,10.371820638347206,30.473716927993546,79.89810371035365,52.70096836756416
2012,16407611,8575371,6936133,1639238,1136114,58037,609967,95532,1299922,534468,1652370,334589,1317781,2575548,1078077,2557748,12433041,68.97243401674618,20.572183426403885,10.45538255684993,31.027565983253815,79.42781657359612,52.264592328523634
2013,16910471,8843638,7122593,1721044,1185823,59720,552747,107299,1351739,578687,1682298,362418,1319880,2681603,1126103,2558613,12753990,69.34016727314354,20.06127494219456,10.598557784661898,30.659832726856457,79.93872505780544,52.29681657004113
2014,17749078,9259655,7485778,1773876,1237712,58090,586693,135474,1369965,598502,1807956,406890,1401066,2819685,1179622,2721735,13351355,69.3536723426199,20.385459003973754,10.26086865340634,30.646327657380095,79.61454099602625,52.16978031196888
2015,18387992,9709535,7869599,1839937,1273454,57192,661192,153909,1347722,601351,1777928,396125,1381803,2922938,1216262,2798255,13855512,70.07705669772434,20.195969661749057,9.7269736405266,29.92294330227566,79.80403033825094,52.803672092091404
2016,18752004,9977096,8102227,1874870,1309126,61748,666724,162512,1349214,618723,1724401,376034,1348367,3008109,1247378,2796326,14122636,70.64613150122966,19.800312066387605,9.553556432382736,29.353868498770343,80.1996879336124,53.2054920636749
2017,19544200,10434978,8485016,1949962,1363971,59875,720494,142925,1428634,642028,1726343,297156,1429187,3148953,1304096,2934634,14798246,70.51496508437555,19.830958344657873,9.654076570966586,29.48503491562446,80.16904165534213,53.391686536159064
2018,20593076,10967687,8910107,2057580,1457094,63320,756397,155811,1495331,671488,1844577,297423,1547154,3312603,1393774,3130850,15593868,70.333332307289,20.07744326167183,9.589224431039176,29.666667692711005,79.92255673832817,53.25910029176797
2019,21482943,11458472,9337004,2121468,1533632,72956,754522,161396,1555775,688432,1938296,297195,1641101,3477516,1460676,3245451,16259698,70.47161638549498,19.960093969764998,9.56828964474002,29.528383614505017,80.039906030235,53.33753387513061
2020,21254695,11605744,9472949,2132796,1521265,698507,751128,146079,1599507,743428,1966263,311059,1655204,3622850,822758,3295839,16501090,70.33319617067721,19.973462359153245,9.693341470169546,29.66680382932279,80.02653764084675,54.603201786711125
2021,23687817,12569557,10326157,2243400,1700086,626071,698044,193174,1818662,776719,2697790,468876,2228914,3870788,1074015,3896851,18285070,68.74218693174268,21.311654809087415,9.946158259169913,31.257813068257327,78.68834519091259,53.06338275071949
2022,26055012,13462215,11141606,2320608,1834472,127995,688984,252829,1868919,871106,2913118,600568,2312550,4307374,1706477,4125469,19456603,69.1909836470426,21.203439264295007,9.605577088662393,30.8090163529574,78.796560735705,51.66842755627977
2023,27485663,14228378,11753395,2474983,1861013,102252,647380,238648,1941958,1002484,3144250,613010,2531240,4570723,1758761,4419752,20590088,69.10304608702984,21.46543521329292,9.431518699677243,30.89695391297016,78.53456478670708,51.766544616369636
2024,29001715,15049121,12409992,2639130,1954685,94239,611088,286430,2023080,1078149,3344161,680341,2663820,4796699,1860446,4639487,21711688,69.31345457801346,21.368614913773634,9.317930508212903,30.686545421986537,78.63138508622637,51.890451995683705
2025,30532476,15749645,12981391,2768254,2213775,112108,611474,282443,2109356,1114510,3550884,695171,2855713,5065043,2101667,4864140,22723141,69.31103846954962,21.406107544727202,9.282853985723188,30.68896153045039,78.5938924552728,51.58325515428228
