id,name,group,sector,basis,unit,source,n,start_date,latest_date,latest_value,record_date,record_value,rank_low,record_high_date,record_high_value,rank_high,pctile_from_bottom,second_lowest_value,second_lowest_date,second_highest_value,second_highest_date,pre_pandemic_avg,full_avg,is_record_low,is_record_high,lowest_label,highest_label,context,context_high
l_bls_nfb,BLS official measure (nonfarm business),Labor share,Nonfarm business (BLS),Net,"Index, 2017=100",BLS PRS85006173,318,1947-03-01,2026-06-01,93.446,2026-06-01,93.446,1,1960-12-01,117.123,318,0.3144654088050315,94.843,2026-03-01,117.123,1960-12-01,99.94883333333334,108.1451037735849,TRUE,FALSE,Yes  -  record low,No,"Record low of the quarterly series (1947Q1-2026Q2). Previous low was 94.8 in 2026Q1, so this is 1.4 below that.","Not near the high end of its own history (0th percentile from the bottom); 23.7 below the record high set in 1960Q4, below the 2017-19 average."
l_corp_gross,"Corporate business (all corporations), gross",Labor share,Corporate (all),Gross,% of income base,BEA NIPA Table 1.14,318,1947-03-01,2026-06-01,53.40619712693423,2026-06-01,53.40619712693423,1,1953-12-01,65.8190183897967,318,0.3144654088050315,54.38849723551746,2026-03-01,65.8190183897967,1953-12-01,57.63229745425068,61.57429317238148,TRUE,FALSE,Yes  -  record low,No,"Record low of the quarterly series (1947Q1-2026Q2). Previous low was 54.4 in 2026Q1, so this is 1.0 below that.","Not near the high end of its own history (0th percentile from the bottom); 12.4 below the record high set in 1953Q4, below the 2017-19 average."
l_corp_net_extax,"Corporate business (all corporations), net of production taxes",Labor share,Corporate (all),Net,% of income base,BEA NIPA Table 1.14,318,1947-03-01,2026-06-01,69.61165260789389,2026-06-01,69.61165260789389,1,2001-12-01,83.67039871991008,318,0.3144654088050315,71.02920592068362,2021-06-01,83.67039871991008,2001-12-01,75.15197122855166,77.4742619175885,TRUE,FALSE,Yes  -  record low,No,"Record low of the quarterly series (1947Q1-2026Q2). Previous low was 71.0 in 2021Q2, so this is 1.4 below that.","Not near the high end of its own history (0th percentile from the bottom); 14.1 below the record high set in 2001Q4, below the 2017-19 average."
l_corp_net_std,"Corporate business (all corporations), net",Labor share,Corporate (all),Net,% of income base,BEA NIPA Table 1.14,318,1947-03-01,2026-06-01,63.12246321478097,2026-06-01,63.12246321478097,1,2001-12-01,75.92335692383385,318,0.3144654088050315,64.33727977667336,2026-03-01,75.92335692383385,2001-12-01,68.04257556235797,70.13060788533811,TRUE,FALSE,Yes  -  record low,No,"Record low of the quarterly series (1947Q1-2026Q2). Previous low was 64.3 in 2026Q1, so this is 1.2 below that.","Not near the high end of its own history (0th percentile from the bottom); 12.8 below the record high set in 2001Q4, below the 2017-19 average."
l_gross_econ,"Economy-wide, gross",Labor share,Economy-wide,Gross,% of income base,BEA NIPA Table 1.10,318,1947-03-01,2026-06-01,50.38219710739683,2026-06-01,50.38219710739683,1,1970-03-01,58.72903540665652,318,0.3144654088050315,51.003274126596054,2026-03-01,58.72903540665652,1970-03-01,53.32949560869961,55.10930453035022,TRUE,FALSE,Yes  -  record low,No,"Record low of the quarterly series (1947Q1-2026Q2). Previous low was 51.0 in 2026Q1, so this is 0.6 below that.","Not near the high end of its own history (0th percentile from the bottom); 8.3 below the record high set in 1970Q1, below the 2017-19 average."
l_net_econ_std,"Economy-wide, net of depreciation",Labor share,Economy-wide,Net,% of income base,BEA NIPA Table 1.10,318,1947-03-01,2026-06-01,60.470846541400306,1948-06-01,58.533689522113384,12,1980-06-01,68.91263824385385,307,3.7735849056603774,58.533689522113384,1948-06-01,68.91263824385385,1980-06-01,63.58464478042249,64.2699049493533,FALSE,FALSE,No,No,In the bottom decile of its own history (4th percentile from the bottom); 1.9 above the record low set in 1948Q2.,"Not near the high end of its own history (4th percentile from the bottom); 8.4 below the record high set in 1980Q2, below the 2017-19 average."
l_net_labmax,"Economy-wide, net, all proprietors' income to labor",Labor share,Economy-wide,Net,% of income base,BEA NIPA Table 1.10,318,1947-03-01,2026-06-01,77.39324415223146,2026-06-01,77.39324415223146,1,1947-03-01,90.04777591134187,318,0.3144654088050315,78.18680681653314,2026-03-01,90.04777591134187,1947-03-01,80.04326298724624,83.04448432821654,TRUE,FALSE,Yes  -  record low,No,"Record low of the quarterly series (1947Q1-2026Q2). Previous low was 78.2 in 2026Q1, so this is 0.8 below that.","Not near the high end of its own history (0th percentile from the bottom); 12.7 below the record high set in 1947Q1, below the 2017-19 average."
l_net_prop75,"Economy-wide, net, 75% of proprietors' income to labor",Labor share,Economy-wide,Net,% of income base,BEA NIPA Table 1.10,318,1947-03-01,2026-06-01,75.12383663202712,2026-06-01,75.12383663202712,1,1947-03-01,85.11365867492746,318,0.3144654088050315,75.70381466768225,2021-06-01,85.11365867492746,1947-03-01,77.64234413722689,80.4463818917801,TRUE,FALSE,Yes  -  record low,No,"Record low of the quarterly series (1947Q1-2026Q2). Previous low was 75.7 in 2021Q2, so this is 0.6 below that.","Not near the high end of its own history (0th percentile from the bottom); 10.0 below the record high set in 1947Q1, below the 2017-19 average."
l_net_tf,"Economy-wide, net, proprietors' income excluded",Labor share,Economy-wide,Net,% of income base,BEA NIPA Table 1.10,318,1947-03-01,2026-06-01,68.31561407141407,1948-06-01,67.43609472514319,5,1980-06-01,77.1586819124813,314,1.5723270440251573,67.43609472514319,1948-06-01,77.1586819124813,1980-06-01,70.43958758716884,72.65207458247077,FALSE,FALSE,No,No,5th-lowest of 318 quarters since 1947Q1; 0.9 above the record low set in 1948Q2.,"Not near the high end of its own history (2th percentile from the bottom); 8.8 below the record high set in 1980Q2, below the 2017-19 average."
l_nfcorp_gross,"Nonfinancial corporate business, gross",Labor share,Nonfinancial corporate,Gross,% of income base,BEA NIPA Table 1.14,318,1947-03-01,2026-06-01,54.704331624146704,2026-06-01,54.704331624146704,1,1953-12-01,66.28313897340574,318,0.3144654088050315,55.720959738804936,2026-03-01,66.28313897340574,1953-12-01,58.61912610809635,61.955645039524285,TRUE,FALSE,Yes  -  record low,No,"Record low of the quarterly series (1947Q1-2026Q2). Previous low was 55.7 in 2026Q1, so this is 1.0 below that.","Not near the high end of its own history (0th percentile from the bottom); 11.6 below the record high set in 1953Q4, below the 2017-19 average."
l_nfcorp_net_extax,"Nonfinancial corporate business, net of production taxes",Labor share,Nonfinancial corporate,Net,% of income base,BEA NIPA Table 1.14,318,1947-03-01,2026-06-01,71.89166184840369,2026-06-01,71.89166184840369,1,2001-12-01,85.33936764472344,318,0.3144654088050315,72.2855848250511,2021-06-01,85.33936764472344,2001-12-01,77.01906970378154,78.26432148365349,TRUE,FALSE,Yes  -  record low,No,"Record low of the quarterly series (1947Q1-2026Q2). Previous low was 72.3 in 2021Q2, so this is 0.4 below that.","Not near the high end of its own history (0th percentile from the bottom); 13.4 below the record high set in 2001Q4, below the 2017-19 average."
l_nfcorp_net_std,"Nonfinancial corporate business, net",Labor share,Nonfinancial corporate,Net,% of income base,BEA NIPA Table 1.14,318,1947-03-01,2026-06-01,64.72969913937423,2026-06-01,64.72969913937423,1,2001-12-01,76.90963308038098,318,0.3144654088050315,65.6239968154911,1950-12-01,76.90963308038098,2001-12-01,69.28061966682812,70.60854382261763,TRUE,FALSE,Yes  -  record low,No,"Record low of the quarterly series (1947Q1-2026Q2). Previous low was 65.6 in 1950Q4, so this is 0.9 below that.","Not near the high end of its own history (0th percentile from the bottom); 12.2 below the record high set in 2001Q4, below the 2017-19 average."
p_all_aftertax_gross,"Corporate profit margin, after tax, gross",Corporate profits,Corporate (all),Gross,% of income base,BEA NIPA Table 1.14,318,1947-03-01,2026-06-01,17.449534191915376,1990-12-01,5.902374012932464,318,2026-06-01,17.449534191915376,1,100,5.902374012932464,1990-12-01,17.008601210070225,2021-06-01,13.086677880819858,10.456028655832192,FALSE,TRUE,No,Yes  -  record high,"Not near the low end of its own history (100th percentile from the bottom); 11.5 above the record low set in 1990Q4, at or above the 2017-19 average.","Record high of the quarterly series (1947Q1-2026Q2). Previous high was 17.0 in 2021Q2, so this is 0.4 above that."
p_all_aftertax_net,"Corporate profit margin, after tax, net",Corporate profits,Corporate (all),Net,% of income base,BEA NIPA Table 1.14,318,1947-03-01,2026-06-01,20.62415298970511,1990-12-01,6.81157389974131,318,2026-06-01,20.62415298970511,1,100,6.81157389974131,1990-12-01,20.003488029692758,2021-06-01,15.450512880966011,11.94564020993859,FALSE,TRUE,No,Yes  -  record high,"Not near the low end of its own history (100th percentile from the bottom); 13.8 above the record low set in 1990Q4, at or above the 2017-19 average.","Record high of the quarterly series (1947Q1-2026Q2). Previous high was 20.0 in 2021Q2, so this is 0.6 above that."
p_all_pretax_gdi,Corporate profits (pretax) as a share of GDI,Corporate profits,Economy-wide,Gross,% of income base,BEA NIPA Table 1.10,318,1947-03-01,2026-06-01,13.166665539881945,2008-12-01,5.0844517447050865,318,2026-06-01,13.166665539881945,1,100,5.0844517447050865,2008-12-01,12.655302116837928,1950-12-01,8.937069071653568,8.891565874318855,FALSE,TRUE,No,Yes  -  record high,"Not near the low end of its own history (100th percentile from the bottom); 8.1 above the record low set in 2008Q4, at or above the 2017-19 average.","Record high of the quarterly series (1947Q1-2026Q2). Previous high was 12.7 in 1950Q4, so this is 0.5 above that."
p_all_pretax_gross,"Corporate profit margin, pretax, gross",Corporate profits,Corporate (all),Gross,% of income base,BEA NIPA Table 1.14,318,1947-03-01,2026-06-01,22.183031734472202,2008-12-01,9.308219211144955,317,1950-12-01,22.856367122760773,2,99.68553459119497,9.308219211144955,2008-12-01,22.856367122760773,1950-12-01,15.619477630505582,15.568597006916917,FALSE,FALSE,No,No,"Not near the low end of its own history (100th percentile from the bottom); 12.9 above the record low set in 2008Q4, at or above the 2017-19 average.",2nd-highest of 318 quarters since 1947Q1; 0.7 below the record high set in 1950Q4.
p_all_pretax_net,"Corporate profit margin, pretax, net",Corporate profits,Corporate (all),Net,% of income base,BEA NIPA Table 1.14,318,1947-03-01,2026-06-01,26.21882253333774,1982-12-01,10.89958013751094,318,2026-06-01,26.21882253333774,1,100,10.89958013751094,1982-12-01,24.8075341036062,1950-12-01,18.440848401416517,17.711294904599427,FALSE,TRUE,No,Yes  -  record high,"Not near the low end of its own history (100th percentile from the bottom); 15.3 above the record low set in 1982Q4, at or above the 2017-19 average.","Record high of the quarterly series (1947Q1-2026Q2). Previous high was 24.8 in 1950Q4, so this is 1.4 above that."
p_nf_aftertax_gross,"Nonfinancial corporate profit margin, after tax, gross",Corporate profits,Nonfinancial corporate,Gross,% of income base,BEA NIPA Table 1.14,318,1947-03-01,2026-06-01,15.220749770277104,2001-12-01,4.480790903006281,316,2021-06-01,15.504513155948494,3,99.37106918238993,4.480790903006281,2001-12-01,15.504513155948494,2021-06-01,11.052682741458657,9.061272148422267,FALSE,FALSE,No,No,"Not near the low end of its own history (99th percentile from the bottom); 10.7 above the record low set in 2001Q4, at or above the 2017-19 average.",3rd-highest of 318 quarters since 1947Q1; 0.3 below the record high set in 2021Q2.
p_nf_nos_net,"Nonfinancial net operating surplus, net",Corporate profits,Nonfinancial corporate,Net,% of income base,BEA NIPA Table 1.14,318,1947-03-01,2026-06-01,25.308140402947494,2001-12-01,13.21247023841052,316,2021-06-01,26.10358554393814,3,99.37106918238993,13.21247023841052,2001-12-01,26.10358554393814,2021-06-01,20.67222724874109,19.612864927796164,FALSE,FALSE,No,No,"Not near the low end of its own history (99th percentile from the bottom); 12.1 above the record low set in 2001Q4, at or above the 2017-19 average.",3rd-highest of 318 quarters since 1947Q1; 0.8 below the record high set in 2021Q2.
p_nf_pretax_gross,"Nonfinancial corporate profit margin, pretax, gross",Corporate profits,Nonfinancial corporate,Gross,% of income base,BEA NIPA Table 1.14,318,1947-03-01,2026-06-01,19.637738471999008,2001-12-01,6.1730707446972435,309,1950-12-01,22.0415014273134,10,97.16981132075472,6.1730707446972435,2001-12-01,22.0415014273134,1950-12-01,13.07565765001177,13.726201516005998,FALSE,FALSE,No,No,"Not near the low end of its own history (97th percentile from the bottom); 13.5 above the record low set in 2001Q4, at or above the 2017-19 average.",In the top decile of its own history (97th percentile from the bottom); 2.4 below the record high set in 1950Q4.
p_nf_pretax_net,"Nonfinancial corporate profit margin, pretax, net",Corporate profits,Nonfinancial corporate,Net,% of income base,BEA NIPA Table 1.14,318,1947-03-01,2026-06-01,23.23664078018133,2001-12-01,7.23206894635812,317,1950-12-01,23.944168368067594,2,99.68553459119497,7.23206894635812,2001-12-01,23.944168368067594,1950-12-01,15.453568838769826,15.607392226320428,FALSE,FALSE,No,No,"Not near the low end of its own history (100th percentile from the bottom); 16.0 above the record low set in 2001Q4, at or above the 2017-19 average.",2nd-highest of 318 quarters since 1947Q1; 0.7 below the record high set in 1950Q4.
