year,nq,ni,comp,ni_corp,lab_corp,ni_govnp,lab_govnp,ni_oth,lab_oth,L,w_corp,l_corp,w_gov,l_gov,w_oth,l_oth
1947,4,188728.25,132289.5,94988.75,82136,24887.5,24887.5,68852,25266,70.09522951651383,0.5033096529004004,86.46918714058243,0.1318695001940621,100,0.36482084690553745,36.6961017835357
1948,4,211954.25,144226.75,109572.75,91111,25765.5,25765.5,76616,27350.25,68.0461703410052,0.5169641561799303,83.15114843790997,0.121561610583416,100,0.3614742332366537,35.69783074031534
1949,4,208033.25,144275.75,107229.25,88798,28250.25,28250.25,72553.75,27227.5,69.35225498808484,0.5154428438723136,82.81135977356925,0.13579680171318767,100,0.34876035441449865,37.527350412625125
1950,4,225338,158190.25,116277.25,98654,30391,30391,78669.75,29145.25,70.20131979515217,0.5160126121648368,84.84376780496615,0.1348685086403536,100,0.34911887919480955,37.0475945328414
1951,4,259743.5,185690,132497,114553,38609.25,38609.25,88637.25,32527.75,71.48975816526689,0.510107086414097,86.45705185777791,0.14864375816911685,100,0.3412491554167862,36.69760738290053
1952,4,278673,201086,142472.75,123015,43301.5,43301.5,92898.75,34769.5,72.15840788307443,0.5112542298679815,86.34282696164705,0.15538462642595444,100,0.3333611437060641,37.42730661069175
1953,4,293407.75,215253,153471.5,133985,44820.5,44820.5,95115.75,36447.5,73.36309282900673,0.5230655972788721,87.30285427587532,0.15275840532501272,100,0.32417599739611513,38.319100674704245
1954,4,295748.75,214196,153240,132212,45682.75,45682.75,96826,36301.25,72.42498911660658,0.5181425111686863,86.27773427303576,0.1544647272389148,100,0.32739276159239894,37.49122136616198
1955,4,321399.5,230639.75,171884.25,144625,48357.75,48357.75,101157.5,37657,71.76107927983709,0.5347993696318756,84.14092623378815,0.1504599415991624,100,0.314740688768962,37.22610780218965
1956,4,342173.75,249357.5,184855.75,158175,51451.5,51451.5,105866.5,39731,72.87452646499037,0.5402394251458507,85.56671891461315,0.15036659007302577,100,0.3093939847811236,37.52934119858501
1957,4,359112.25,262654,193409,166500,54933,54933,110770.25,41221,73.13980517233817,0.5385753340355279,86.08699698566251,0.15296888368469747,100,0.30845578227977466,37.21306036593761
1958,4,363335.25,264743,188857.5,163977,59093.25,59093.25,115384.5,41672.75,72.86466149375818,0.519788542399891,86.82578134307613,0.16264111450788218,100,0.3175703430922268,36.11641944975278
1959,4,392654,285910.25,211457,180289,61707,61707,119490,43914.25,72.81480641990149,0.5385326521568607,85.26036026237013,0.1571536263478788,100,0.3043137214952605,36.75140179094485
1960,4,410033.75,301437,221663,190689,66419.5,66419.5,121951.25,44328.5,73.5151679587351,0.5405969630548705,86.02653577728353,0.16198544631996756,100,0.29741759062516193,36.34936091265977
1961,4,425025,310565,228062.5,195554,70712.75,70712.75,126249.75,44298.25,73.06981942238691,0.5365860831715782,85.74579336804604,0.16637315452032234,100,0.2970407623080995,35.08779225305397
1962,4,458051,332297,250584.5,210997,75667.75,75667.75,131798.75,45632.25,72.5458518811224,0.5470668113376022,84.20193587392676,0.16519503286751913,100,0.2877381557948787,34.62267282504576
1963,4,483438.25,350471,266285.75,222667,80685.5,80685.5,136467,47118.5,72.49550485506681,0.5508164693215731,83.61957032999325,0.1668992885854605,100,0.2822842420929664,34.527394901331455
1964,4,520141.25,376029.25,289409.25,239180,87059.25,87059.25,143672.75,49790,72.29367984177375,0.5564051111116451,82.64421403255079,0.16737616945397044,100,0.2762187194343844,34.65514511276495
1965,4,565284.75,405409.5,319053.5,259864,93908.5,93908.5,152322.75,51637,71.71774932898862,0.5644120065153004,81.44840912260797,0.16612600994454566,100,0.2694619835401539,33.89972935756477
1966,4,621137.5,449224.5,353084.75,288528,105621.75,105621.75,162431,55074.75,72.32287536978528,0.5684486124247852,81.71635846634554,0.17004568231671732,100,0.26150570525849753,33.906551089385644
1967,4,657645.25,481761,373694.5,308418,116768.75,116768.75,167182,56574.25,73.25545193248183,0.5682311246070735,82.53212182678632,0.17755583272288517,100,0.25421304267004136,33.83991697670802
1968,4,714307.75,530738.5,407107.25,340181.75,130678,130678,176522.5,59878.75,74.30109781113252,0.5699325675802901,83.56072017877354,0.1829435561912915,100,0.24712387622841836,33.92131314704924
1969,4,774693.75,584437.25,445094.25,377453.75,144069,144069,185530.5,62914.5,75.44106945486523,0.5745421981266791,84.803106308383,0.185968971609749,100,0.2394888302635719,33.91059690994203
1970,4,814263,623323.75,462095,398009.5,159072.5,159072.5,193095.5,66241.75,76.55066606243929,0.5675009180080637,86.13153139505945,0.19535764243248188,100,0.23714143955945438,34.30517541838106
1971,4,877295.75,664973.75,495687.25,421648.75,174877,174877,206731.5,68448,75.79812737038792,0.5650172704016861,85.06346491663847,0.19933642674092517,100,0.23564630285738875,33.109613193925455
1972,4,971478.25,731334.25,553061.25,468169.25,191111.25,191111.25,227305.75,72053.75,75.28055826262708,0.5692986435877488,84.65052469324148,0.1967221088068621,100,0.233979247605389,31.699044128888072
1973,4,1084883.5,812695,618471.25,526063.5,206098.25,206098.25,260314,80533.25,74.91080839555583,0.5700807966938386,85.05868300264564,0.18997270213806366,100,0.23994650116809776,30.936964588919537
1974,4,1164503.5,887736.25,667679.25,577322,222982.5,222982.5,273841.75,87431.75,76.23302549112132,0.5733595905894658,86.46696748476158,0.19148289378262925,100,0.23515751562790493,31.927837884471597
1975,4,1260049.25,947274,721267,607817,245787.25,245787.25,292995,93669.75,75.17753770338739,0.5724117529533072,84.27073469325506,0.19506162159931448,100,0.23252662544737834,31.969743510981417
1976,4,1394236.75,1048384,811449.25,682785.75,264138.25,264138.25,318649.25,101460,75.19411606386075,0.5820024827203845,84.14398682357523,0.18945007008314765,100,0.22854744719646788,31.840652378751873
1977,4,1554440,1165887.25,923539.25,771695.75,285365.5,285365.5,345535.25,108826,75.00368299837884,0.5941298795707779,83.55852228262091,0.18358090373382055,100,0.22228921669540155,31.494905367831503
1978,4,1763644.25,1316862.75,1061060.25,884698.75,312300.5,312300.5,390283.5,119863.5,74.66714163017853,0.6016294102396217,83.37874781380228,0.17707681126735167,100,0.2212937784930266,30.711905576331052
1979,4,1958840.5,1477302,1185257.75,1004442.25,339507.5,339507.5,434075.25,133352.25,75.4171664308554,0.6050812968181942,84.7446262215961,0.17332064555536808,100,0.2215980576264377,30.720998260094305
1980,4,2123075.5,1622345.5,1286235.75,1102003.5,375145.5,375145.5,461694.25,145196.5,76.41487549547814,0.605836085433608,85.6766343183977,0.176699085830909,100,0.21746482873548303,31.448626444882084
1981,4,2392339.25,1792680.75,1465531.5,1220566,414939,414939,511868.75,157175.75,74.93421971821095,0.6125935107238658,83.28486968720904,0.17344488245134965,100,0.21396160682478457,30.70626014969658
1982,4,2524383.75,1893174.25,1533449.25,1275113.75,452924.5,452924.5,538010,165136,74.99550137731634,0.6074548887426485,83.15330618212504,0.17941982870076706,100,0.21312528255658436,30.69385327410271
1983,4,2708052.25,2012661,1642722.25,1352980.5,485397.5,485397.5,579932.5,174283,74.3213503358364,0.6066065564281486,82.3620974269996,0.1792422949003292,100,0.21415114867152213,30.052290568298897
1984,4,3048478.5,2216082.75,1854512.25,1501072.5,524242.75,524242.75,669723.5,190767.5,72.6947147568861,0.6083402753209511,80.9416330358562,0.17196865583929818,100,0.2196910688397507,28.48451637130846
1985,4,3274513,2387539.5,1983971.25,1615931.25,566164.5,566164.5,724377.25,205443.75,72.91281176773462,0.6058828442580622,81.44932795775141,0.1729003671691027,100,0.2212167885728351,28.36143045629884
1986,4,3421599.5,2543845.25,2045408,1723353.75,605377,605377,770814.5,215114.5,74.34666886057238,0.5977929328081794,84.2547672640373,0.17692807121347778,100,0.2252789959783429,27.907427792289845
1987,4,3648513.75,2723760.75,2177771.25,1847640,651911.5,651911.5,818831,224209.25,74.653980679119,0.5968927073387075,84.84086655106682,0.17867864688737983,100,0.22442864577391272,27.381626977972257
1988,4,3974331,2948853,2366397.75,2002308.75,709411.5,709411.5,898521.75,237132.75,74.19746870605393,0.5954203990558411,84.61420950894667,0.17849834349479196,100,0.22608125744936694,26.39143125917653
1989,4,4232374.5,3140886.5,2501028.5,2119331,768579.5,768579.5,962766.5,252976,74.21097778563782,0.5909279767185064,84.7383786310312,0.1815953432287242,100,0.22747668005276944,26.275945413555622
1990,4,4455715.5,3342679.75,2606358,2234925.25,836211,836211,1013146.5,271543.5,75.0200444799494,0.5849471313866427,85.74897423914904,0.1876715423145845,100,0.2273813262987729,26.80199753934895
1991,4,4577390.75,3453265.25,2649316.25,2277820.75,896082,896082,1031992.5,279362.5,75.44178416491972,0.5787830654396284,85.97768386465754,0.19576261869275635,100,0.2254543158676152,27.070206421073795
1992,4,4848926.5,3671212.25,2790204.25,2420482.5,955224.25,955224.25,1103498,295505.5,75.7118560159656,0.5754272105382501,86.7492944288935,0.19699705697745676,100,0.22757573248429316,26.778979209749362
1993,4,5066710.75,3820609.25,2902869.75,2515738.75,995524.25,995524.25,1168316.75,309346.25,75.40610543043137,0.5729298342124622,86.66385221038594,0.19648333980778357,100,0.23058682597975422,26.477943588500292
1994,4,5394327.25,4010206.5,3113717,2649014,1035564.5,1035564.5,1245045.75,325628,74.3411794306695,0.5772206348808371,85.0756186255848,0.19197287298430032,100,0.2308064921348626,26.153898360763048
1995,4,5691165,4202176.5,3304598.75,2787889,1072922.75,1072922.75,1313643.5,341364.75,73.83684184169674,0.580654180646669,84.36391861493018,0.18852427402825256,100,0.23082154532507843,25.986102774458978
1996,4,6066128.75,4421067.25,3534069,2953697,1108393.5,1108393.5,1423666.25,358976.75,72.88119708965952,0.5825905030452906,83.57779658518268,0.18271842647586403,100,0.23469107047884535,25.21495118676867
1997,4,6507330.75,4713221,3831403.5,3176578,1155187.25,1155187.25,1520740,381455.75,72.42940586660667,0.5887826586961175,82.90899144399695,0.1775209059413493,100,0.23369643536253326,25.08356129252864
1998,4,6967691.25,5075701.75,4106879,3447480.75,1217104.5,1217104.5,1643707.75,411116.5,72.84624946606237,0.5894174774176454,83.94405459717707,0.1746783053855895,100,0.23590421719676513,25.011532615819327
1999,4,7388960.75,5409932.25,4351138.25,3684311.5,1287325.75,1287325.75,1750496.75,438295,73.21641612455446,0.5888701262894108,84.67465955603686,0.17422284317858908,100,0.23690703053200005,25.038321265092325
2000,4,7927868.5,5854629.25,4664438.5,4008927,1369809.5,1369809.5,1893620.5,475892.75,73.8487179750774,0.5883597211532962,85.94661501057415,0.17278408439796902,100,0.23885619444873488,25.131368719339488
2001,4,8254359.75,6046343.25,4674450.75,4013810.5,1450050.25,1450050.25,2129858.75,582482.5,73.25029963710995,0.5663008266631461,85.86699731513912,0.1756708326166666,100,0.25802834072018727,27.34840984173246
2002,4,8465918.25,6143367.75,4725750.75,3972742.25,1554780.5,1554780.5,2185387,615845,72.56587612336087,0.5582088806491842,84.06584392966556,0.1836517261432332,100,0.25813939320758267,28.180134685527094
2003,4,8786103,6362295.5,4854368.75,4040874.5,1650672.5,1650672.5,2281061.75,670748.5,72.41316770358827,0.5525053314307834,83.24201782157567,0.18787311052465466,100,0.25962155804456194,29.405100497608185
2004,4,9322879,6729301,5139112.25,4240204,1737537.75,1737537.75,2446229,751559.25,72.18050346893915,0.5512366137112795,82.50849161739949,0.18637351723646742,100,0.2623898690522531,30.723176366562573
2005,4,9867319.75,7077721.75,5447347.75,4442988,1811947.5,1811947.5,2608024.5,822786.25,71.72891858500886,0.5520595144390654,81.56240805445182,0.18363117299406456,100,0.26430931256687007,31.54825616093714
2006,4,10531396.25,7491255.25,5825343.25,4681229.75,1895363.5,1895363.5,2810689.5,914662,71.13259317348353,0.5531406388777746,80.35972386691549,0.17997266981574261,100,0.26688669130648274,32.54226409569609
2007,4,10848025,7889368.5,5942240,4894237.75,1991355.5,1991355.5,2914429.5,1003775.25,72.72631193235635,0.5477715989776941,82.3635152737015,0.1835684836640771,100,0.2686599173582288,34.44156909611298
2008,4,10983326,8068679.5,5911169,4940328.25,2103358.75,2103358.75,2968798.25,1024992.5,73.46298835161589,0.5381948054714938,83.57616319208603,0.19150471815186038,100,0.27030047637664584,34.5255020276302
2009,4,10757221.75,7767191,5694290,4607470.75,2180153.25,2180153.25,2882778.5,979567,72.20443326828324,0.529345785774101,80.91387600561264,0.20266880247216248,100,0.2679854117537365,33.979960652544065
2010,4,11328149,7932969.25,6009064.25,4700759.5,2240385.75,2240385.75,3078699,991824,70.02882156652424,0.5304542030653022,78.22781225878887,0.1977715644453476,100,0.2717742324893502,32.21568591148404
2011,4,11843020.25,8234013,6299051.25,4927979.25,2277376,2277376,3266593,1028657.75,69.52629334565226,0.5318787874233348,78.23367447597764,0.19229689318482757,100,0.27582431939183755,31.49023309607288
2012,4,12433042,8575371,6704186.5,5182659.25,2314952.5,2314952.5,3413903,1077759.25,68.97242846923544,0.5392233453405852,77.30481916038583,0.1861935719351708,100,0.274583082724244,31.569709215522526
2013,4,12753990,8843637.75,6870172.25,5356731.25,2373069.5,2373069.5,3510748.25,1113837,69.34016531297264,0.5386684676716855,77.97084345301532,0.18606487067968533,100,0.2752666616486292,31.726484517937166
2014,4,13351355.75,9259654.5,7302378.25,5648213.5,2438119,2438119,3610858.5,1173322,69.35366470180378,0.5469390814487135,77.34758878040863,0.18261209165968034,100,0.2704488268916061,32.494266945104606
2015,4,13855512.75,9709535.25,7671326,5949840.75,2521445,2521445,3662741.75,1238249.5,70.07705470878369,0.5536659767427229,77.55948254578152,0.1819813561212305,100,0.2643526671360466,33.806628600009816
2016,4,14122636.5,9977095.75,7826715.25,6109709,2590357.75,2590357.75,3705563.5,1277029,70.64612722985542,0.5541964667857875,78.06223690072282,0.18341885029753474,100,0.26238468291667777,34.4624778390655
2017,4,14798247.5,10434978.5,8241606.25,6432103,2659801,2659801,3896840.25,1343074.5,70.51496131552064,0.5569312345938261,78.04428900009631,0.1797375668977019,100,0.26333119850847203,34.46573156289894
2018,4,15593867.5,10967688.5,8757185.75,6780647.75,2777374.5,2777374.5,4059307.25,1409666.25,70.33334418161499,0.5615788225723991,77.42952980071252,0.17810684232118812,100,0.26031433510641283,34.726768957929956
2019,4,16259697,11458471.5,9150191.25,7108215.25,2876142,2876142,4233363.75,1474114.25,70.47161764453544,0.5627528760222285,77.68378884976858,0.1768877980936545,100,0.26035932588411703,34.82134626394909
2020,4,16501094,11605747.75,9237626,7167961.25,2978919.75,2978919.75,4284548.25,1458866.75,70.33320184710178,0.5598190035157669,77.59527447852945,0.18052862131444133,100,0.2596523751697918,34.049488181163554
2021,4,18285067.75,12569555.5,10514778,7883565,3081829,3081829,4688460.75,1604161.5,68.74218718713799,0.57504725406336,74.97604799644843,0.16854348270052213,100,0.2564092632361179,34.21509927325295
2022,4,19456606.75,13462216.75,11254222,8504054.5,3222109.75,3222109.75,4980275,1736052.5,69.19097930578259,0.5784267598459839,75.56323751210878,0.16560491720890644,100,0.2559683229451096,34.85856704700041
2023,4,20590086.5,14228377.5,11870957.25,8960619.25,3431460.75,3431460.75,5287668.5,1836297.5,69.10304869287461,0.5765375123606207,75.48354409245303,0.16665596572408767,100,0.25680652191529163,34.72792403684157
2024,4,21711690.5,15049123.25,12446652.5,9443320.5,3665654,3665654,5599384,1940148.75,69.31345695997278,0.5732696171217069,75.87036353750537,0.16883319150114082,100,0.25789719137715233,34.64932481858719
2025,4,22723141,15749645.5,13034222.25,9891479,3834920.25,3834920.25,5853998.5,2023246.25,69.31104066994963,0.5736100590142885,75.88852491754926,0.1687671721968367,100,0.25762276878887475,34.56178285662355
2026,2,23555869.5,16174849,13610630.5,10175488,3923209.5,3923209.5,6022029.5,2076151.5,68.66589662504286,0.5778020845292933,74.76132718465908,0.166549126959631,100,0.25564878851107575,34.4759436997112
