year,nq,gdi,comp,wages,supp,topi_net,prop,rental,ucap,cprof,cprof_at,ctax,cfc,interest,bctp,gov_ent,ni,nos_priv,lab_net,cap_net,prop_net,capmax_net,labmax_net,lab_gross,cap_gross,cfc_gross
1947,4,246750.5,132289.5,123025.75,9263.5,17707.5,34578.75,6888.75,21860,23178.25,11985.25,11193,29120.75,2271,715,NA,188728.25,67632.5,70.09522951651383,11.582791659436253,18.321978824049925,29.90477048348618,88.41720834056375,53.61265731984332,8.85915124792047,11.801698476801466
1948,4,274722,144226.75,135464.25,8762.5,19186,39279,7484.25,28448.5,30131.75,17877.75,12254,31327.5,2379.25,707.25,NA,211954.25,79981.75,68.0461703410052,13.42200026656696,18.53182939242785,31.953829658994806,86.57799973343305,52.499162790020456,10.355377436099038,11.40334592788346
1949,4,270734,144275.75,134675,9600.75,20405.5,34690,7798.25,29067.5,27932.75,17922.75,10010,32285.5,2658.25,688.25,NA,208033.25,73767.5,69.35225498808484,13.972526026488554,16.675218985426607,30.647745011915163,86.02747397351145,53.29059150309898,10.736553221981724,11.92517378681658
1950,4,298564.75,158190.25,147174.75,11015,22106.5,37514.5,8779,29633.25,34789.5,17061.5,17728,33392.25,2969,823.75,NA,225338,84875.75,70.20131979515217,13.150578242462434,16.648101962385393,29.79868020484783,86.84942175753757,52.98356554147802,9.925233973535054,11.184257351211086
1951,4,343469.25,185690,171592.25,14097.25,23696.75,42594.75,9719.5,31458.75,39453.75,17149.75,22304,37725.25,3430,1159.5,NA,259743.5,96357.5,71.48975816526689,12.11146765944095,16.398774175292164,28.51024183473311,87.88853234055905,54.0630638696186,9.15911686417343,10.983588778325862
1952,4,364731.75,201086,185634,15452,26346.75,43039,10815.75,34548,37776.75,18669.75,19107,40604.5,3865,1197.5,NA,278673,96694,72.15840788307443,12.397325898095618,15.444266218829954,27.841592116925572,87.60267410190438,55.13257345980985,9.472166873325396,11.132702321637751
1953,4,385427.5,215253,198996.25,16256.75,28587,42017.5,12028.5,36137.25,38496,18552,19944,43490,4403.75,1153,NA,293407.75,98097.75,73.36309282900673,12.316392460662678,14.32051471033059,26.63690717099327,87.68360753933732,55.847857249417856,9.375887812883096,11.28357473195348
1954,4,387638.75,214196,197320,16876,28561.5,42255,13060.75,39297.75,37497.75,20149.75,17348,45980.5,5171.5,915.75,NA,295748.75,98901.25,72.42498911660658,13.287545594021953,14.287465289371468,27.57501088339342,86.71245440597805,55.256601668434854,10.137724879156172,11.861688234212911
1955,4,423344.25,230639.75,212221,18418.75,31266.25,44272.5,13421.75,46487.25,47813.5,26024.5,21789,48889.25,5743.75,1297.25,NA,321399.5,112548.5,71.76107927983709,14.46400818918511,13.774912530977801,28.238920720162913,85.53599181081489,54.48042580004334,10.980956987132812,11.548343930501005
1956,4,451384.25,249357.5,229107.75,20249.75,33495,45818.75,13667.75,46997.5,46825.25,25234.25,21591,54125,6445,1650.5,NA,342173.75,114407,72.87452646499037,13.734981131661911,13.390492403347714,27.125473535009625,86.26501886833809,55.24284464954194,10.411860848046869,11.990892460248668
1957,4,474394,262654,240029,22625,35484,47786.25,14053,48672,46047.75,25167.75,20880,58917.25,7628.5,1822.75,NA,359112.25,117338.5,73.13980517233817,13.55342236306336,13.306772464598465,26.860194827661825,86.44657763693664,55.366214581128766,10.259826220399077,12.419476215972377
1958,4,480580.25,264743,241389.25,23353.75,36350.5,50157.25,14796.75,48435,41333.5,22893.5,18440,62455,9041,1703.75,NA,363335.25,117032,72.86466149375818,13.330663622646027,13.804674883595798,27.135338506241826,86.66933637735397,55.08819806889692,10.078441633837429,12.995748368768796
1959,4,521452.25,285910.25,259923,25987.25,39994,50345.5,15556.75,56398.25,52796.25,29980.25,22816,65443,9204.25,1657,544.75,392654,129560,72.81480641990149,14.363345337116138,12.821848242982371,27.18519358009851,85.63665466288386,54.82961287442906,10.81561159243248,12.550142414765686
1960,4,543687.5,301437,273009.75,28427.25,43401,50588.5,16462.75,58008.25,51542.5,29657.5,21885,67900.5,10145,1743,466.75,410033.75,130481.75,73.5151679587351,14.147189103336006,12.33764293792889,26.484832041264895,85.852810896664,55.44306242096793,10.669410277043339,12.488883779744798
1961,4,563124.5,310565,280663.25,29901.75,44954,53198,17200,61262,52629.5,30426.5,22203,70604.5,11734,1901.5,338.25,425025,136662.75,73.06981942238691,14.413740368213634,12.516440209399446,26.930180577613083,85.58625963178636,55.15032643758174,10.878944176642998,12.537991154709127
1962,4,603951.75,332297,299453,32844,48109,55234.5,18045.5,70519.5,60271.25,36975.25,23296,74097,13381.75,2117,398,458051,149050.5,72.5458518811224,15.395556390008974,12.058591728868619,27.454148118877594,84.60444360999102,55.02045486249522,11.676346661798728,12.268695305543861
1963,4,638913,350471,314913.75,35557.25,51152,56398,18726.75,76569.25,66427.5,40936.5,25491,78017.75,14379,2527,814,483438.25,158458.25,72.49550485506681,15.838475751556688,11.666019393376507,27.504495144933195,84.16152424844331,54.854260282698895,11.984299896856067,12.21101308002811
1964,4,684508.25,376029.25,337841.75,38187.5,54540,59131,18830.75,84981,73238.75,46665.75,26573,82389,16479.75,3004.75,865.5,520141.25,170684.25,72.29367984177375,16.338062016807935,11.368258141418316,27.70632015822625,83.66193798319206,54.93421737429753,12.414897848199784,12.036231849652651
1965,4,741549,405409.5,363751.75,41657.75,57702,63663.25,19337.75,96212,84582.5,54814.5,29768,88006,18575.75,3484,787.75,565284.75,189643.25,71.71774932898862,17.020094739863406,11.262155931147975,28.28225067101138,82.97990526013659,54.67062864355558,12.974462914790527,11.867860384141844
1966,4,808328.5,449224.5,400296.75,48927.75,59262,67933.25,19910.25,103979.75,91593.75,59361.75,32232,95309,21316.75,3391,387.75,621137.5,204145.75,72.32287536978528,16.740214525769254,10.936910104445474,27.677124630214728,83.25978547423074,55.57449724957118,12.863551142883122,11.790874625848279
1967,4,856596.5,481761,428979.25,52781.75,64126,69474,20346.25,106410.25,89090.75,58098.75,30992,103555.5,24336.75,3628.5,277.75,657645.25,206876.25,73.25545193248183,16.180493966922135,10.564054100596028,26.744548067518163,83.81950603307786,56.24129914142773,12.422447441706801,12.089180845357179
1968,4,937513.25,530738.5,471959.5,58779,72233,73829,20096.25,109740.25,96111.5,58947.5,37164,113356.5,26514.5,4182,453,714307.75,220732.5,74.30109781113252,15.363161046481716,10.335741142385757,25.698902188867475,84.63683895351828,56.61130656020062,11.70546122948129,12.091189111193895
1969,4,1016033,584437.25,518311,66126.25,79322,77005,20347,113251.5,91821.25,54863.25,36958,124896.25,33243.25,4798,162.75,774693.75,227214.5,75.44106945486523,14.618873587143307,9.940056957991464,24.55893054513477,85.38112641285669,57.5214830620659,11.146439141248365,12.29253872659648
1970,4,1067965,623323.75,551537,71786.75,86636,77801.75,20664,113137.5,79143.75,47880.75,31263,136837.25,40235.75,4357,-1034,814263,222202.25,76.55066606243929,13.894466529855833,9.554867407704881,23.449333937560713,86.10553347014417,58.365559732762776,10.593746049730095,12.812896490053513
1971,4,1155331.75,664973.75,584527.5,80446.25,95818,83904.25,21827.5,128417.75,92791.75,57983.75,34808,148925.75,44448.5,4158,-1515.5,877295.75,247130,75.79812737038792,14.637908595818457,9.56396403379362,24.201872629612076,85.36209140418154,57.55695279732423,11.115227292939885,12.89030185485684
1972,4,1271952.5,731334.25,638785.75,92548.5,101292,95095.25,22719.5,145048.75,107677.75,68567.75,39110,161008.25,48983,4778.5,-936.25,971478.25,279253.75,75.28055826262708,14.930725417681765,9.78871631969115,24.719441737372915,85.06927458231823,57.49697807111508,11.40362945943343,12.658353987275468
1973,4,1419230.75,812695,708774.5,103920.5,111990,112520,23116.25,159668.5,118491.5,72859.5,45632,178682.75,57952.25,5740.5,-1958,1084883.5,317820.25,74.91080839555583,14.717571057168811,10.371620547275352,25.089191604444164,85.28242894283119,57.26306310654557,11.250355165993973,12.590112636722393
1974,4,1537780.25,887736.25,772304,115432.25,121595,112213.25,23180.25,164554,108235.75,61000.75,47235,206893.25,73586,6787,-2446,1164503.5,324002,76.23302549112132,14.13082914735765,9.636145361521026,23.766974508878675,85.86917085264236,57.72842055943949,10.700748692799248,13.454019194224923
1975,4,1671554,947274,814881,132393,130798,118238.5,22292.5,194536.75,124227.75,77963.75,46264,238511.25,85244.5,9036,-4068.25,1260049.25,359039.25,75.17753770338739,15.4388211413165,9.383641155296113,24.822462296612613,84.5611788586835,56.67026012919714,11.6380775015345,14.268833073894113
1976,4,1852758.5,1048384,899782,148602,141263,130974.75,20309,214878,157790,98372,59418,260226.5,87061.5,9135.5,-2385.25,1394236.75,405270.75,75.19411606386075,15.411873198723244,9.394010737416009,24.805883936139253,84.58812680127676,56.58503253392172,11.597733865476801,14.04535453487327
1977,4,2062379,1165887.25,994220,171667.25,152564,144491.75,15865.75,244061,186670.5,118166.5,68504,289829.25,101947.75,8081,-2957.75,1554440,457056.25,75.00368299837884,15.700895499343815,9.295421502277348,24.99631700162116,84.29910450065618,56.53118316274555,11.833954864746005,14.053151724295098
1978,4,2328274.5,1316862.75,1120668.75,196193.75,161962,165974,16546.25,280807.5,215700,137848,77852,327194.75,116038.25,10375,-2377.5,1763644.25,524633,74.66714163017853,15.922003544649098,9.410854825172366,25.332858369821466,84.0779964553509,56.559600253320646,12.06075572274661,14.05310026803111
1979,4,2582329.25,1477302,1253385.25,223917,171570,179437,16092.5,302101.5,214604.75,133867.75,80737,373880.25,139389,12752.25,-2698.75,1958840.5,562275.5,75.4171664308554,15.422465484045281,9.160368085099323,24.582833569144604,84.57753451595472,57.20811937517263,11.698798671780525,14.478411302509159
1980,4,2813037.25,1622345.5,1373519.75,248826,190530,171570.25,18978.75,329159.75,187654.5,112170.5,75484,428429.5,184013.5,13997,-4481.5,2123075.5,576214,76.41487549547814,15.503911660230642,8.081212844291217,23.58512450452186,84.49608833976936,57.67237884958686,11.70122258423702,15.230139593778931
1981,4,3169337,1792680.75,1511528.75,281152,224171,179678.5,23780.75,419980,216215.5,145900.5,70315,487229,233385,16913.75,-4717.25,2392339.25,669973.25,74.93421971821095,17.5552025073367,7.510577774452348,25.06578028178905,82.4447974926633,56.56327332814403,13.251351938907096,15.373215281303313
1982,4,3335139.5,1893174.25,1587709.25,305465.25,225916,171191,23832.75,460018.5,195168.5,143874.5,51294,536963.25,272994,19317.25,-3417.25,2524383.75,682503.25,74.99550137731634,18.223001950476032,6.781496672207623,25.004498622683656,81.77699804952397,56.76446967210817,13.793081218941516,16.100173620923503
1983,4,3577185.75,2012661,1677686,334975,241977,186251,24436.25,509140.25,242846.75,176427.75,66419,562622.25,286595,21681.25,-1884,2708052.25,761810,74.3213503358364,18.800975867433873,6.877673796729734,25.678649664163608,81.19902413256612,56.26381017535922,14.23298328860893,15.728069195176683
1984,4,3996192.75,2216082.75,1845125.5,370957,268708,228248.75,24653.25,604147,300699,219222,81477,598396,331112.75,29159,-866.75,3048478.5,913873.25,72.6947147568861,19.81798461101169,7.487300632102211,27.3052852431139,80.1820153889883,55.45485137072029,15.118064562826705,14.97415258560789
1985,4,4284905.75,2387539.5,1982765,404774.5,286773,241051,26203,645922.5,314980,233370,81610,640138.25,352289.5,34060,1870.75,3274513,968584.25,72.91281176773462,19.72575769282333,7.361430539442049,27.08718823226538,80.27424230717666,55.71976699837563,15.074368905313728,14.939377604746616
1986,4,4499784.5,2543845.25,2104117,439728,298478,256478.75,18268.25,621275.5,284090.75,192219.75,91871,685294.75,374826.75,35960.75,2541,3421599.5,969625.5,74.34666886057238,18.157458229696374,7.495872909731253,25.653331139427628,81.84254177030363,56.532601727927194,13.806783413739035,15.229501546129598
1987,4,4811610.75,2723760.75,2257622.5,466138.25,317263,286467.75,16596,638285.25,322802.75,210100.5,112702,730383,378296.5,33292.25,2748.5,3648513.75,1037456,74.653980679119,17.49439069538932,7.851628625491681,25.346019320881002,82.50560930461067,56.60808597204169,13.265521322563343,15.179594484030114
1988,4,5233613.75,2948853,2440649,508204,344962.5,325524,22490.75,699954,359258.5,234992.5,124266,784496.75,409714.75,32756,5557,3974331,1149744.25,74.19746870605393,17.61186977128981,8.190661522656265,25.802531293946075,82.3881302287102,56.344490458433235,13.374200570303836,14.9895805742256
1989,4,5573751.5,3140886.5,2584336,556550.5,371438.25,341129.25,21522.75,750358.75,351587,227165,124422,838258,463404.25,38266.75,7259,4232374.5,1215909.75,74.21097778563782,17.729025396972787,8.059996817389388,25.789022214362173,82.27097460302721,56.35139097966603,13.462364621027687,15.039385950378305
1990,4,5867788.5,3342679.75,2743505.5,599174.25,397996.75,353153.25,28166,759882.5,343242.5,221426.75,121816,888532.5,471109.75,39180,3728.25,4455715.5,1234851.5,75.0200444799494,17.054107247197447,7.925848272853147,24.979955520050595,82.94589275280255,56.966602494278725,12.950066281359664,15.142544759409784
1991,4,6065416.5,3453265.25,2817229,636036.75,429602.75,354162.25,38577.5,769963.25,372270.5,254457.75,117813,932392.75,438038.75,38889.25,8217.75,4577390.75,1241938,75.44178416491972,16.821007688714364,7.737208146365918,24.55821583508028,83.17899231128564,56.93368707655937,12.694317859292928,15.372279051240751
1992,4,6404816,3671212.25,2968505.75,702706.5,453286.5,400155,60572.5,777559.25,408199.5,276285.75,131914.25,960244.5,400981,39720,10443.75,4848926.5,1309628.5,75.7118560159656,16.035698829421317,8.252445154613088,24.288143984034406,83.96430117057868,57.31955843852501,12.140227759860705,14.992538427333432
1993,4,6703133.25,3820609.25,3082660.5,737948.75,466445.75,427984,90079.5,818117.5,453786.75,298739.75,155047,1003499.5,389910.25,39388,11430.25,5066710.75,1401148.5,75.40610543043137,16.1469154322654,8.446979137303229,24.59389456956863,83.8530845677346,56.99736388203233,12.205001295476261,14.970603486063775
1994,4,7147986.75,4010206.5,3240604.5,769601.75,512724.5,456644.5,113665.5,927476.25,556125.25,383454,172671.25,1055608,389642,40714.75,12655.75,5394327.25,1556791.75,74.3411794306695,17.19354809258189,8.465272476748607,25.658820569330494,82.80645190741811,56.102601197463045,12.975349317764195,14.767906501785275
1995,4,7547592,4202176.5,3422112,780064.25,523090.5,481185.5,124883,1007803,623730.25,429281.5,194449,1122381,408672.25,44966.25,16506.75,5691165,1683437.25,73.83684184169674,17.708202099218703,8.454956059084564,26.163158158303265,82.2917979007813,55.67572412499245,13.352642803161592,14.870716382125584
1996,4,8016093.25,4421067.25,3620594.25,800473,545518.5,543783.5,142529.75,1101278,701601.75,490215.75,211386,1175306.5,415887.75,52644.75,17753.5,6066128.75,1856447.25,72.88119708965952,18.154543785441415,8.964259124899055,27.11880291034047,81.84545621455858,55.152392968981495,13.738338186123272,14.661836674617028
1997,4,8567301.5,4713221,3881246,831975,577804,583957.75,147060.5,1210152,782311.5,557549.75,224762,1239326.25,455479,50062.75,18078.5,6507330.75,2018871.75,72.42940586660667,18.59674951976277,8.973844613630558,27.570594133393328,81.40325048023723,55.014067148214636,14.125241185920677,14.465771398380225
1998,4,9119210.75,5075701.75,4186179,889522.75,603104.25,640276.25,165206,1251713.25,732405.5,510600.5,221805,1309736.5,511830.5,64076.25,16874,6967691.25,2113794.25,72.84624946606237,17.964533804508058,9.189216729429566,27.15375053393762,82.03546619549195,55.65944125153594,13.726113852561198,14.362388762645933
1999,4,9660487.25,5409932.25,4465175.5,944756.5,628375.5,696351.5,178497.5,1282677,745039,517653.25,227385.75,1398936.5,518842.75,67683.5,16829,7388960.75,2206414.5,73.21641612455446,17.359369516207,9.424214359238544,26.783583875445544,82.640630483793,56.00061477230354,13.277560094083245,14.481013884677504
2000,4,10346712.75,5854629.25,4832429.5,1022199.75,662715.5,753559.25,183475.25,1319680,680746.75,447298.75,233448.25,1511227.5,603735.75,85170.25,11453.5,7927868.5,2306687.5,73.8487179750774,16.64608841582072,9.505193609101866,26.151282024922587,83.35391158417927,56.584437893088314,12.754582367235429,14.605870835642945
2001,4,10698653.75,6046343.25,4961629.25,1084713.75,668979.75,831055.75,202400.5,1376960.75,618383.25,448235.75,170147.75,1599508.5,627099.75,99224.75,5657.75,8254359.75,2378164.5,73.25029963710995,16.681617856551505,10.068082506338545,26.749700362890046,83.3183821434485,56.51499143058069,12.870411382366683,14.95055861584454
2002,4,11010780.75,6143367.75,5004096.25,1139271.5,718634.25,870135.75,208448.25,1452414.75,773589,612915.25,160673.75,1657981,550295.75,80755.5,7573,8465918.25,2483224.25,72.56587612336087,17.15602143925734,10.278102437381792,27.434123876639134,82.84397856074266,55.794115689752516,13.190842529490926,15.057796877846288
2003,4,11480643.5,6362295.5,5146958.75,1215336.75,756558.75,897509.75,227097,1526297.75,918144.75,704381.25,213763.5,1719097.75,518772.25,76047.25,5120.75,8786103,2637570.75,72.41316770358827,17.371726122491392,10.215106173920338,27.586832296411732,82.6282738775086,55.417586130951634,13.294531356190966,14.97387973069628
2004,4,12245295.75,6729301,5430826.75,1298474.25,821711.5,962895,242782.5,1630683,1125412,846900.5,278511.5,1821838.75,459037.5,81962.5,355,9322879,2872089.25,72.18050346893915,17.491195584539927,10.328300946520919,27.819496531060846,82.50880441546008,54.954172911666916,13.316811886719846,14.877866465577199
2005,4,13096197,7077721.75,5702993.25,1374728.25,881527,979141.25,221105.75,1810456.75,1304328.75,924580,379748.75,1971051.25,574129.75,90641.25,-3449.25,9867319.75,3169346.25,71.72891858500886,18.348009346712413,9.923072068278724,28.271081414991137,81.65199065328758,54.044099596241566,13.824293800711764,15.050562006664988
2006,4,14025375.25,7491255.25,6068317.75,1422937.75,945572.25,1050869.75,181119.5,1989271.25,1456385.25,1026239,430146.5,2124165.25,702094.75,79818,-5905,10531396.25,3470287.5,71.13259317348353,18.888960236397903,9.97844659011857,28.867406826516476,81.1110397636021,53.4121555856411,14.183372740775688,15.145158059139986
2007,4,14461930.75,7889368.5,6407285.5,1482083.25,982244.5,995396.75,186259,1963259.75,1258027.75,866246,391782,2252750,813507.5,97247.25,-12871,10848025,3350438.5,72.72631193235635,18.097854217703222,9.175833849940426,27.27368806764365,81.90214578229677,54.552664069422406,13.575364064027205,15.577104046083196
2008,4,14578662.5,8068679.5,6545949.25,1522730,997184,960304,290275.25,1954342.5,955427.5,699509.25,255918.5,2358962.25,851777,112781,-16727.75,10983326,3170564.75,73.46298835161589,17.79372204740167,8.743289600982434,26.537011648384105,82.20627795259833,55.34581447372144,13.40549930420572,16.180923661549883
2009,4,14286346.75,7767191,6257281.25,1509909.75,968470.75,938126.25,347592,2051904.5,1076888.25,872955.25,203933,2371276.25,706239.75,125117.5,-14555.75,10757221.75,3193964,72.20443326828324,19.074669535375154,8.72089719634161,27.795566731716765,80.92533046462485,54.36792999581926,14.362695627557828,16.598198906238924
2010,4,14979526.75,7932969.25,6380110.25,1552859,1007265,1108503.75,433670.75,2286676,1388685,1116417.75,272267.25,2390391.25,610260,126327.5,-18545.5,11328149,3667447,70.02882156652424,20.185786751215932,9.78539168225983,29.97117843347576,79.81421324878407,52.95874417394395,15.265342077646078,15.957722095592906
2011,4,15624021,8234013,6634020.25,1599992.75,1043715.75,1228336.25,506541.25,2380671,1449877.75,1169114.5,280763.25,2474363.25,574893.25,130122,-17841.5,11843020.25,3889770.5,69.52629334565226,20.101890816238367,10.37181583810937,30.473706654347737,79.89810918376163,52.700985232930755,15.237249105079927,15.836917077876432
2012,4,16407618.5,8575371,6936133,1639238,1078077.75,1299922,534468.75,2557749,1652369.5,1317780.75,334588.75,2575555.25,609967.25,95532.25,-13645.75,12433042,4192260,68.97242846923544,20.572189814849818,10.455381715914738,31.027571530764554,79.42781018515018,52.26456843813135,15.588788830018201,15.697313110979513
2013,4,16910471.5,8843637.75,7122593.25,1721044.75,1126103.5,1351738.75,578686.75,2558613.5,1682298,1319880.5,362417.75,2681603.25,552746.75,107299.5,-13643.25,12753990,4272770.5,69.34016531297264,20.06127886253635,10.598555824491003,30.659834687027352,79.93872113746365,52.29681354538222,15.130349854526528,15.857649208657488
2014,4,17749078.25,9259654.5,7485778.25,1773876.25,1179622.5,1369965.5,598502.25,2721735.75,1807956,1401066.5,406889.5,2819685.25,586692.75,135474.25,-8474.5,13351355.75,4498590.75,69.35366470180378,20.3854634762466,10.260871821949618,30.646335298196217,79.6145365237534,52.169776760097385,15.334518850295789,15.886375677001705
2015,4,18387991.75,9709535.25,7869598.75,1839936.5,1216262,1347722.25,601351.5,2798255.25,1777928,1381803,396125.25,2922938.25,661191.75,153909,-2846.75,13855512.75,4542102.5,70.07705470878369,20.19597037287559,9.726974918340716,29.92294529121631,79.80402962712441,52.80367416958407,15.217840469174671,15.895907991148626
2016,4,18752003,9977095.75,8102226.75,1874868.75,1247378,1349213.5,618723.5,2796327.25,1724401.25,1348367.25,376034,3008108.75,666724.5,162512,-2154.25,14122636.5,4521575.25,70.64612722985542,19.80032021641285,9.553552553731734,29.353872770144584,80.19967978358716,53.20549356780713,14.912152317808395,16.041533003167714
2017,4,19544200.25,10434978.5,8485016.5,1949962,1304096.5,1428634.25,642027.75,2934634.75,1726343,1429187.25,297156,3148953,720494.25,142925.5,-4252.5,14798247.5,4660424.5,70.51496131552064,19.830961402693124,9.654077281786238,29.48503868447936,80.16903859730688,53.391688411502024,15.015373934269835,16.11195628227356
2018,4,20593076.75,10967688.5,8910107.5,2057581,1393774,1495330.75,671488,3130848.25,1844577,1547153.5,297423.5,3312603.25,756396.25,155810.5,-4591.5,15593867.5,4923602.75,70.33334418161499,20.077432683072367,9.589223135312647,29.666655818385017,79.92256731692763,53.25910563607257,15.20340203656066,16.086004486920586
2019,4,21482942.25,11458471.5,9337004.25,2121467.5,1460675.5,1555775.25,688432,3245450.25,1938295.75,1641101,297194.75,3477515.75,754521.5,161395.75,-12140.5,16259697,5098420,70.47161764453544,19.960090584713846,9.56829177075071,29.528382355464558,80.03990941528615,53.33753340979167,15.107103171587216,16.187334628244415
2020,4,21254698.75,11605747.75,9472949,2132799.5,822757.25,1599507.25,743427.75,3295839,1966263,1655203.75,311059.25,3622849.5,751128.25,146079.25,-3062.25,16501094,5206406,70.33320184710178,19.973457517422784,9.693340635475442,29.666798152898227,80.02654248257721,54.60320979613978,15.506401849144062,17.044934593580162
2021,4,23687814.25,12569555.5,10326157,2243398.25,1074013.75,1818661.75,776719,3896850.5,2697789.75,2228914,468875.5,3870788.25,698044,193173.5,-10931.5,18285067.75,6184388.25,68.74218718713799,21.31165469704098,9.946158115821037,31.257812812862014,78.68834530295902,53.06338257866067,16.450865659755838,16.340841789571193
2022,4,26055015.25,13462216.75,11141606.25,2320610.5,1706477.75,1868919,871106.5,4125471,2913118.25,2312550,600568.25,4307374.5,688984.75,252829.75,-16011.75,19456606.75,6594957.75,69.19097930578259,21.203445456901164,9.60557523731624,30.809020694217402,78.79655454309884,51.668427827920766,15.833692517220845,16.531844094775572
2023,4,27485662.25,14228377.5,11753394.75,2474982.75,1758760.75,1941958.25,1002484,4419750.75,3144249.5,2531239.75,613010,4570722.75,647379.5,238647.5,-46918.25,20590086.5,6974719.75,69.10304869287461,21.465430706179887,9.43152060094551,30.8969513071254,78.53456929382011,51.76654420979069,16.080204689264853,16.629480157422805
2024,4,29001717,15049123.25,12409991.75,2639131.5,1860445.5,2023080,1078148.75,4639487.25,3344161.25,2663820,680341.25,4796699,611088.5,286430,-47459.5,21711690.5,7342908.5,69.31345695997278,21.368613604730594,9.317929435296621,30.686543040027214,78.6313863952694,51.89045617540506,15.997284746968601,16.539362135007387
2025,4,30532475.5,15749645.5,12981391.25,2768254.25,2101667,2109356.5,1114509.5,4864139,3550883.75,2855713,695170.75,5065043.5,611473.75,282442.75,-52546.5,22723141,7668666.25,69.31104066994963,21.406103143927155,9.282856186123212,30.688959330050366,78.59389685607285,51.58325763661057,15.931033826589003,16.58903648346496
2026,2,31909682,16174849,13327175,2847674,2233299.5,2148376.5,1137599.5,5232644,4054991.5,3200636,854355.5,5328557,620189.5,274219,-62400,23555869.5,8235376.5,68.66589662504286,22.213758655777916,9.120344719179226,31.33410337495714,77.78624134422209,50.68947098877388,16.398295664619912,16.698872147958102
