year,nq,w_corp,w_govnp,w_oth,l_corp,l_oth,conv_pct,oo_hous_gdi
1947,4,50.33096529004004,13.18695001940621,36.48208469055375,86.46918714058243,36.6961017835357,35.15901832396581,NA
1948,4,51.69641561799303,12.156161058341599,36.147423323665365,83.15114843790997,35.69783074031534,34.21905906581255,NA
1949,4,51.544284387231365,13.579680171318767,34.876035441449865,82.81135977356925,37.527350412625125,34.00345858174114,NA
1950,4,51.601261216483685,13.486850864035361,34.91188791948096,84.84376780496615,37.0475945328414,34.03087805873843,NA
1951,4,51.0107086414097,14.864375816911684,34.12491554167862,86.45705185777791,36.69760738290053,35.00511081124263,NA
1952,4,51.12542298679815,15.538462642595443,33.33611437060641,86.34282696164705,37.42730661069175,34.86389065320286,NA
1953,4,52.30655972788721,15.275840532501272,32.41759973961151,87.30285427587532,38.319100674704245,33.695940206078404,NA
1954,4,51.814251116868626,15.446472723891478,32.73927615923989,86.27773427303576,37.49122136616198,34.150102071437324,NA
1955,4,53.47993696318756,15.04599415991624,31.4740688768962,84.14092623378815,37.22610780218965,32.99693994545729,NA
1956,4,54.02394251458506,15.036659007302577,30.939398478112363,85.56671891461315,37.52934119858501,32.42154022627393,NA
1957,4,53.857533403552786,15.296888368469748,30.845578227977462,86.08699698566251,37.21306036593761,32.51692193736081,NA
1958,4,51.978854239989104,16.264111450788217,31.757034309222682,86.82578134307613,36.11641944975278,34.14126485112578,NA
1959,4,53.85326521568607,15.71536263478788,30.431372149526045,85.26036026237013,36.75140179094485,32.49915956541892,5.5704045768332575
1960,4,54.05969630548705,16.198544631996757,29.741759062516195,86.02653577728353,36.34936091265977,32.55116194703485,5.75201747327279
1961,4,53.658608317157814,16.637315452032233,29.704076230809953,85.74579336804604,35.08779225305397,33.200576436680194,5.910771063947671
1962,4,54.70668113376021,16.519503286751913,28.773815579487874,84.20193587392676,34.62267282504576,32.51772182573556,5.913386292861971
1963,4,55.08164693215731,16.68992885854605,28.228424209296637,83.61957032999325,34.527394901331455,32.22960740073836,5.9142637573503745
1964,4,55.640511111164514,16.737616945397043,27.621871943438443,82.64421403255079,34.65514511276495,31.726189760954355,5.8423327987646605
1965,4,56.441200651530046,16.612600994454564,26.946198354015387,81.44840912260797,33.89972935756477,31.295643478795423,5.753901630236168
1966,4,56.844861242478515,17.00456823167173,26.15057052584975,81.71635846634554,33.906551089385644,31.146928015133525,5.6088273517511755
1967,4,56.82311246070735,17.75558327228852,25.421304267004132,82.53212182678632,33.83991697670802,31.413440604946206,5.641979625179417
1968,4,56.99325675802901,18.29435561912915,24.712387622841835,83.56072017877354,33.92131314704924,31.443484968488722,5.5341084512672225
1969,4,57.45421981266791,18.5968971609749,23.94888302635719,84.803106308383,33.91059690994203,31.16341134803269,5.573342598124274
1970,4,56.75009180080637,19.535764243248188,23.71414395594544,86.13153139505945,34.30517541838106,31.628386651487297,5.739888479491369
1971,4,56.50172704016861,19.933642674092518,23.564630285738875,85.06346491663847,33.109613193925455,31.98565022114834,5.8289750974124965
1972,4,56.929864358774886,19.67221088068621,23.3979247605389,84.65052469324148,31.699044128888072,31.799579661201886,5.795499438854831
1973,4,57.008079669383854,18.997270213806367,23.994650116809776,85.05868300264564,30.936964588919537,31.49964950153634,5.705890321218026
1974,4,57.33595905894658,19.148289378262923,23.515751562790495,86.46696748476158,31.927837884471597,30.77500411119417,5.831587445605443
1975,4,57.24117529533072,19.506162159931446,23.252662544737834,84.27073469325506,31.969743510981417,30.658980194623346,5.909351417902144
1976,4,58.20024827203844,18.945007008314764,22.85474471964679,84.14398682357523,31.840652378751873,29.79565701449198,5.8652949102648835
1977,4,59.41298795707779,18.358090373382055,22.228921669540156,83.55852228262091,31.494905367831503,28.67418491546795,5.883302729517707
1978,4,60.162941023962176,17.707681126735167,22.12937784930266,83.37874781380228,30.711905576331052,28.05672118966169,5.932419051104155
1979,4,60.508129681819426,17.33206455553681,22.159805762643767,84.7446262215961,30.720998260094305,27.313964562198912,6.07478693896218
1980,4,60.583608543360796,17.669908583090898,21.746482873548302,85.6766343183977,31.448626444882084,26.64504865700725,6.3414464205904135
1981,4,61.25935107238658,17.344488245134965,21.396160682478456,83.28486968720904,30.70626014969658,25.849103550008635,6.341862667176132
1982,4,60.74548887426486,17.941982870076707,21.312528255658435,83.15330618212504,30.69385327410271,25.667581246314075,6.549231299020626
1983,4,60.660655642814866,17.924229490032918,21.415114867152212,82.3620974269996,30.052290568298897,25.704258475810427,6.59461142044413
1984,4,60.83402753209511,17.19686558392982,21.969106883975073,80.9416330358562,28.48451637130846,25.492872920048477,6.442131701480115
1985,4,60.58828442580622,17.29003671691027,22.12167885728351,81.44932795775141,28.36143045629884,25.451677852553953,6.548650457480891
1986,4,59.77929328081793,17.69280712134778,22.52789959783429,84.2547672640373,27.907427792289845,25.722589683567584,6.783463741430284
1987,4,59.68927073387074,17.86786468873798,22.442864577391273,84.84086655106682,27.381626977972257,26.1743634651233,6.84067180621375
1988,4,59.54203990558411,17.849834349479195,22.608125744936697,84.61420950894667,26.39143125917653,26.606396145665773,6.8303999315960215
1989,4,59.09279767185063,18.15953432287242,22.747668005276942,84.7383786310312,26.275945413555622,26.728057736856698,6.897360781154308
1990,4,58.49471313866426,18.76715423145845,22.73813262987729,85.74897423914904,26.80199753934895,27.325134425660703,7.03515898706983
1991,4,57.87830654396284,19.576261869275633,22.54543158676152,85.97768386465754,27.070206421073795,28.15625364734265,7.193986595974077
1992,4,57.542721053825005,19.699705697745678,22.757573248429317,86.7492944288935,26.778979209749362,29.201344874994497,7.222717249020112
1993,4,57.29298342124622,19.648333980778357,23.058682597975423,86.66385221038594,26.477943588500292,29.87318251786921,7.287789631811362
1994,4,57.722063488083705,19.19728729843003,23.08064921348626,85.0756186255848,26.153898360763048,29.769690001658688,7.3261642517734105
1995,4,58.0654180646669,18.852427402825256,23.082154532507843,84.36391861493018,25.986102774458978,29.501714499579613,7.4111087350773595
1996,4,58.25905030452906,18.271842647586404,23.469107047884535,83.57779658518268,25.21495118676867,29.58570158933735,7.396003034271089
1997,4,58.878265869611745,17.75209059413493,23.369643536253324,82.90899144399695,25.08356129252864,28.985855682838928,7.347812493817336
1998,4,58.94174774176453,17.467830538558953,23.590421719676513,83.94405459717707,25.011532615819327,29.02807655261705,7.3944995733320455
1999,4,58.887012628941086,17.42228431785891,23.690703053200004,84.67465955603686,25.038321265092325,29.262230821837836,7.44185030625655
2000,4,58.83597211532961,17.278408439796902,23.885619444873488,85.94661501057415,25.131368719339488,29.09790948222716,7.431217707285824
2001,4,56.63008266631461,17.56708326166666,25.80283407201873,85.86699731513912,27.34840984173246,30.08720936835834,7.7503559735261085
2002,4,55.820888064918414,18.36517261432332,25.813939320758266,84.06584392966556,28.180134685527094,31.10547990467543,7.874652757934536
2003,4,55.250533143078336,18.787311052465466,25.962155804456195,83.24201782157567,29.405100497608185,31.587146770303058,7.9102839488047865
2004,4,55.12366137112795,18.63735172364674,26.238986905225307,82.50849161739949,30.723176366562573,31.569810677581465,7.834022710313061
2005,4,55.205951443906535,18.363117299406458,26.430931256687003,81.56240805445182,31.54825616093714,30.52697770334239,7.858042682161852
2006,4,55.314063887777465,17.997266981574263,26.688669130648275,80.35972386691549,32.54226409569609,29.695518768463394,7.765736963080542
2007,4,54.77715989776941,18.35684836640771,26.86599173582288,82.3635152737015,34.44156909611298,29.24966756621597,7.973223077423462
2008,4,53.81948054714938,19.150471815186037,27.030047637664584,83.57616319208603,34.5255020276302,30.53663343872339,8.41602753338998
2009,4,52.9345785774101,20.26688024721625,26.79854117537365,80.91387600561264,33.979960652544065,32.21902067789948,8.70807472176188
2010,4,53.04542030653022,19.77715644453476,27.17742324893502,78.22781225878887,32.21568591148404,33.39080594720285,8.462133157844923
2011,4,53.18787874233349,19.22968931848276,27.582431939183756,78.23367447597764,31.49023309607288,33.87863412629055,8.218254122930327
2012,4,53.92233453405852,18.619357193517082,27.4583082724244,77.30481916038583,31.569709215522526,33.37351591026557,7.933771741462663
2013,4,53.866846767168546,18.606487067968533,27.526666164862917,77.97084345301532,31.726484517937166,33.742342592396575,7.946920640267186
2014,4,54.69390814487136,18.261209165968033,27.044882689160612,77.34758878040863,32.494266945104606,33.00478867099321,7.73102963811656
2015,4,55.366597674272285,18.198135612123053,26.435266713604662,77.55948254578152,33.806628600009816,32.26527109218675,7.674677143576595
2016,4,55.41964667857875,18.341885029753474,26.23846829166778,78.06223690072282,34.4624778390655,32.276514020593815,7.842930165913476
2017,4,55.693123459382605,17.97375668977019,26.333119850847204,78.04428900009631,34.46573156289894,31.9663730451866,7.844921922553469
2018,4,56.157882257239905,17.810684232118813,26.031433510641282,77.42952980071252,34.726768957929956,31.706010391585025,7.738542517693476
2019,4,56.275287602222846,17.68877980936545,26.035932588411704,77.68378884976858,34.82134626394909,31.491049617960286,7.752281929631868
2020,4,55.98190035157669,18.052862131444133,25.965237516979176,77.59527447852945,34.049488181163554,32.2515267775579,8.330615600938593
2021,4,57.504725406336,16.854348270052213,25.64092632361179,74.97604799644843,34.21509927325295,31.048338609519234,7.891840421705434
2022,4,57.842675984598394,16.560491720890642,25.596832294510964,75.56323751210878,34.85856704700041,30.64324281519438,7.786256237174914
2023,4,57.65375123606207,16.665596572408766,25.680652191529163,75.48354409245303,34.72792403684157,30.965887394402156,8.08214017109957
2024,4,57.326961712170686,16.883319150114083,25.78971913771523,75.87036353750537,34.64932481858719,31.167000791578158,8.186360138608345
2025,4,57.361005901428854,16.87671721968367,25.762276878887473,75.88852491754926,34.56178285662355,31.064306866731144,8.188840600232366
2026,2,57.78020845292932,16.6549126959631,25.564878851107576,74.76132718465908,34.4759436997112,30.604624889775348,8.103971390250772
