date,year,v1_tf,v2_labmax,v3_prop75,ni_pretax,v4_pretax,ni_exh,v5_exhouse,cap_exhouse,v6_exh_labmax,govnp,ni_bus,v7_business,v7_labmax,corp_nva,corp_ni_tf,v8_corp_tf,v8_corp_std,v8_corp_extax,v9_gross,housing_gross
1947-03-01,1947,70.31130696568424,90.04777591134187,85.11365867492746,194852,66.16303656108225,176699,72.96023180663161,6.559742839518051,93.44025716048195,25898,157458,65.42824118177546,88.41087782138729,111958,89282,88.69872986716247,70.73366798263635,78.58064260056759,53.69608316811889,4.885627176249105
1947-06-01,1947,70.16570137252481,88.01979613417141,83.55627244375977,197179,66.29407796976352,179531,72.81082375745693,8.662013802630186,91.33798619736982,25459,160840,65.4432976871425,86.12347674707785,116281,94125,85.56706507304116,69.26325023004618,76.70110947097757,53.74718863199964,4.958698074495598
1947-09-01,1947,69.96957890241524,87.83894216828087,83.37160135181446,200395,66.2252052196911,182698,72.64009458231617,8.808525544888285,91.19147445511172,24119,165552,65.59449598917561,86.06721755098096,118700,96476,85.79957709689457,69.73546756529065,77.21641791044776,53.60390016923891,5.008098425149145
1947-12-01,1947,69.9473891414051,87.82792312372499,83.35778962814501,207259,66.00823124689398,188430,72.60415008225867,8.836172583983442,91.16382741601656,24074,171513,65.7291284042609,86.11941951922012,123888,100072,85.97409864897274,69.44659692625598,76.993843069874,53.41516933336457,4.980439009534519
1948-03-01,1948,68.82802191603432,86.67477644958282,82.2130878161957,215877,64.99951361191789,196550,71.39099465784787,10.097685067412872,89.90231493258713,24690,179179,64.53267402988074,84.83862506208875,130676,106428,83.63212688390273,68.113502096789,75.15282515451383,52.93658278945184,4.956426604293205
1948-06-01,1948,67.43609472514319,86.54403313290207,81.76704853096236,223194,63.61461329605635,203081,69.91496004057494,10.274717969677123,89.72528203032287,25143,185403,63.02001585734859,84.71923323786562,133624,108232,82.98839529898736,67.21846374902712,74.30509596293845,51.88449648095771,4.933236861145827
1948-09-01,1948,68.10539651307943,86.94794678200017,82.23730921477,227899,64.39738656159088,207955,70.57344136952706,9.901180543867664,90.09881945613233,26242,189249,63.682767148043055,85.13809848400784,135993,110649,83.6989037406574,68.10056399961763,75.25943262065547,52.61363514148153,4.9644906987499144
1948-12-01,1948,67.84558833652271,86.15443919765409,81.57722648237124,229863,64.317876300231,210294,70.30300436531712,10.72498502097064,89.27501497902936,26987,190924,63.30058033563093,84.19737696675116,138010,112982,82.31753730682763,67.38931961452069,74.4425056429795,52.571446858898454,5.044750962759092
1949-03-01,1949,69.1910539865223,85.95015900658741,81.76038275157114,222148,65.81603255487333,203769,71.75232739032924,10.868188978696464,89.13181102130353,27786,183526,64.52655209616076,83.82300055577956,134471,110539,82.38902106948679,67.72612682288374,75.03357363542739,53.32591728061857,5.297249981763805
1949-06-01,1949,69.37571355930578,86.13512294806728,81.9452706008769,217982,66.3458450697764,200808,72.02003904226923,10.581749731086411,89.4182502689136,28140,180322,64.59666596421957,83.97145107086213,130305,107477,82.80097137061883,68.29515367790952,76.06348880740532,53.43289206793738,5.493587919944137
1949-09-01,1949,69.03134903269552,85.49596295245469,81.37980947251489,217885,65.88337884663929,200061,71.75311529983355,11.133104403157038,88.86689559684297,28232,179717,64.16643945759166,83.21750307427789,130929,107441,81.98360030156086,67.27615730663184,75.04366272779164,52.99727168347098,5.622030325293599
1949-12-01,1949,69.82143730737243,86.53832982730786,82.35910669732401,214158,66.64331941837335,196302,72.70532139254821,9.887316481747511,90.11268351825248,28843,175567,64.86355636309784,84.32678122881863,126736,103460,84.13299826019718,68.68135336447418,76.88855911243022,53.40752604478506,5.838746856663873
1950-03-01,1950,69.70023292551602,86.89497478616869,82.59628932100551,224237,65.52263899356484,202339,72.61378182159643,9.47271657960156,90.52728342039845,28790,182007,64.90739367167197,84.82201234018471,133892,106616,85.00037517820965,67.68440235413617,75.48477377223962,52.94516154605666,5.763118635272751
1950-06-01,1950,69.9805379191526,86.75940401365536,82.56468749002967,235509,65.194111477693,210732,72.85936639902815,9.671525919176965,90.32847408082304,29164,190237,65.37844898731582,84.72957416275489,143482,112858,84.74366017473285,66.6564447108348,74.15908068793325,52.95655533021536,5.663052025992302
1950-09-01,1950,70.3429884658746,87.01803833145433,82.84927586505941,250344,64.80083405234397,221779,73.14714197466847,9.51307382574545,90.48692617425455,30603,200017,65.80540654044407,85.03177229935456,155045,119509,85.04798801763884,65.55516140475346,72.99993536015168,52.75198033324229,5.488352128614352
1950-12-01,1950,70.70601245561959,86.72994254450515,82.72396002228375,262174,64.86989556554045,231386,73.50142186649148,9.841131269826178,90.15886873017382,33007,207527,66.04682764170445,84.61935073508508,162886,126126,84.60745603602747,65.51330378301388,72.2168834508615,53.264515482450506,5.440702543400032
1951-03-01,1951,72.4951785460525,89.10168700136016,84.95005988753324,272343,65.56144273948661,236975,75.34634455111299,7.394028906002743,92.60597109399725,35868,210427,67.80688789936653,87.24403237227162,167537,125273,88.87150463387961,66.45218668115103,73.57339695085282,53.69435907305719,5.383810377284729
1951-06-01,1951,71.55955845925192,88.02405870696062,83.90793364503344,280372,65.94346083061076,248792,74.31388469082607,8.587896716936235,91.41210328306376,37887,220481,66.67241168173221,85.96613767172681,169641,132221,86.63374199257304,67.52377078654335,74.27330199384016,54.27492815185132,5.415251475859316
1951-09-01,1951,70.86750824347878,87.18129616914034,83.10284918772496,284946,65.92126227425547,255200,73.60501567398119,9.45101880877743,90.54898119122257,39861,225197,65.71091089135291,84.9123212120943,171106,135582,85.08209054299243,67.41785793601628,74.19823760210973,54.16019122145878,5.480028717818599
1951-12-01,1951,71.1156421655469,87.34498779957883,83.28765139107085,290529,65.90770628749625,259129,73.89408364173829,9.242500839350285,90.757499160649715,40821,228432,65.95398192897667,85.08352595083001,174332,136912,85.43882201706205,67.09955716678522,73.94745492704882,54.11039616131302,5.532241975183047
1952-03-01,1952,72.16777503395026,87.51182278881647,83.67581085009992,291249,67.32898653729283,261321,75.03989346435992,9.005399489516725,90.99460051048328,42132,229589,67.06026856687384,85.22011071959022,175475,139303,86.07711248142539,68.33338082347913,75.49407861185789,55.074665850308804,5.6632018266943405
1952-06-01,1952,72.07149323909933,87.7529861861511,83.83261294938816,292300,67.54156688333903,263263,74.9911685272902,8.692068387885879,91.30793161211412,43120,230808,66.85383522234932,85.4649752174968,174384,138804,86.55658338376416,68.89622901183594,76.4391510154222,55.05348518142575,5.786884697326299
1952-09-01,1952,71.92559753276792,87.89728433136297,83.9043626317142,298460,67.51356965757556,269221,74.84594440998288,8.533881086542284,91.46611891345772,43886,236266,66.71082593348176,85.6492258725335,176922,141126,86.8160367331321,69.25085630956015,76.84684571672291,55.05506845647119,5.83225637228517
1952-12-01,1952,72.45777819315936,87.25990079303267,83.55937014306434,309111,67.7180689137559,277624,75.39838054346886,9.198772440423019,90.80122755957699,44068,244823,67.50019401771893,84.9666902210985,188862,150658,85.94830676100838,68.56223062341816,75.77804047332015,55.33704672047289,5.800338910463663
1953-03-01,1953,72.6726542414261,87.31698002550516,83.6558985794854,314558,67.7553901029381,281690,75.66118783059392,9.092264546132274,90.90773545386773,44409,248865,67.79619472404717,85.05374399774979,193097,153489,86.26025317775215,68.56657534814109,75.75540844409606,55.347947012644354,5.850578981128254
1953-06-01,1953,73.2570549590543,87.6048206486937,84.01787922628385,316523,68.30972788707298,283253,76.33317211115151,8.716589056426587,91.28341094357341,44938,250209,68.45397247900755,85.37862347077844,195007,155075,86.98242785748832,69.17085027716954,76.44501873041241,55.65190533184047,5.950092017039239
1953-09-01,1953,73.58358480819945,87.59073485033848,84.08894733980371,315140,68.70914514184172,282102,76.7559251618209,8.63304762107323,91.36695237892677,45027,249237,68.81121181846997,85.34888479639861,194170,154694,87.29750345844053,69.54936395941701,76.91746881585692,55.864581344588984,6.114324635318035
1953-12-01,1953,73.94361840341507,88.22702494620995,84.65617331051124,307186,70.0344416737742,278472,77.25588209945704,7.820894021661065,92.17910597833894,44908,246038,69.18768645493786,86.07816678724424,185260,150628,88.70063998725337,72.1191838497247,80.06807776206342,56.536775604166884,6.37909829603389
1954-03-01,1954,72.76087817265814,87.32916456180112,83.68709296451539,309068,68.97155318570671,280175,76.08423306861783,8.68207370393504,91.31792629606495,44791,248181,67.84483904891994,85.04236827154375,185282,151226,87.12787483633767,71.11322200753446,78.74636927600675,55.722008166082006,6.497315439750312
1954-06-01,1954,72.56401423031139,86.9235990544961,83.33370284844992,309789,68.67287088954095,280162,75.93499475303574,9.038342102069517,90.96165789793048,45421,247756,67.53418686126673,84.52630814188153,185841,151321,86.63437328592859,70.54202248158371,78.06446618591939,55.45907194994786,6.618613138686132
1954-09-01,1954,72.25578046921318,86.56864571864148,82.9904294062844,312835,68.1768344334873,282031,75.62324708985892,9.39683935453904,90.60316064546096,45839,249336,67.15516411589181,84.0993679211987,187827,152415,86.12013253288718,69.883456585049,77.17771571365574,55.03301500963744,6.6804110942817845
1954-12-01,1954,72.12924013246219,86.04904017953334,82.56909016776555,320695,67.85044980433122,288384,75.45252163781625,9.986337660896583,90.01366233910342,46680,254991,67.02707154370154,83.49510374875976,195150,157998,85.27449714553349,69.04022546758904,76.11031397227464,54.830589195808955,6.6418711540496815
1955-03-01,1955,71.35623951187208,85.39409642969659,81.88463220024046,332198,66.81707897097515,297733,74.55169564677077,10.781807861406024,89.21819213859398,46945,264121,66.26508304905705,82.79803574876667,204846,164806,83.91442059148332,67.51217988147194,74.37748066559821,54.184853189598776,6.536163107478689
1955-06-01,1955,71.45904196342998,85.32470135743772,81.85828650893579,340658,66.97420873720858,305892,74.58612843748774,10.94144338524708,89.05855661475292,48150,271128,66.39041338408427,82.71849458558319,211597,170549,83.76478314150185,67.51513490266875,74.43377498970973,54.35618017949335,6.48406025677984
1955-09-01,1955,71.96838041923627,85.69736862341018,82.2651215723667,347003,67.42881185465255,311674,75.07203039072877,10.606916200902225,89.39308379909778,48732,276383,67.02583009808852,83.17552092567199,215885,173789,84.35976960567125,67.91022998355606,74.9234708218135,54.639117479473555,6.45987651438019
1955-12-01,1955,72.23048473521759,85.71510787880257,82.34395209290632,352895,67.57279077345953,316612,75.31647568632901,10.622781195911715,89.37721880408829,49604,280535,67.32029871495536,83.18926337177179,221637,178393,84.49658899172053,68.01030513858245,74.93748415353792,54.72200804097593,6.452974977510969
1956-03-01,1956,72.73277121709344,86.16577239083048,82.80752209739622,355660,68.29837485238711,320381,75.81910288063274,10.177881959292218,89.82211804070778,50048,283928,67.92637570088192,83.72721253275478,222758,180234,85.33351088030005,69.04353603462053,76.16953416733526,55.140023562366494,6.489865685431058
1956-06-01,1956,73.02262886537123,86.36958907018723,83.03284901898323,361132,68.55471129670038,325432,76.07518621401707,10.019911993903488,89.98008800609651,50946,288090,68.25193515915166,83.95917942309696,226311,183055,85.68135259894567,69.30462947006554,76.45295416546836,55.301578366593844,6.500431113434209
1956-09-01,1956,72.70896040078136,86.17902225369855,82.81150679046925,365255,68.58277094084954,330845,75.71581858574257,10.257069020236063,89.74293097976394,52019,292508,67.85558001832429,83.72112899476254,228189,185749,85.40342074519917,69.51956492206023,76.82986482755949,55.20437576580309,6.53411845596467
1956-12-01,1956,73.02879631844536,86.34282199364385,83.01431557484423,373012,68.74979893408255,337366,76.01388403099304,10.127872992536297,89.8721270074637,52793,298363,68.25645271028914,83.92629112859169,234601,190385,85.83659426950652,69.65869710700295,76.99737562487927,55.321494367430766,6.522864650073131
1957-03-01,1957,73.00293638395674,86.16393828825923,82.8736878121836,378905,68.6979585912036,342690,75.95786279144416,10.348419854679156,89.65158014532085,53587,302974,68.22796675622331,83.71675457299966,238631,193563,85.58660487799838,69.42266511894934,76.72933253669405,55.25635936375582,6.554767055067431
1957-06-01,1957,73.04964539007092,86.34591536735917,83.0218478730371,380201,68.94642570640266,344875,76.00869880391446,10.15643349039507,89.84356650960493,54646,304199,68.20831100693954,83.89310944480422,238166,193818,85.89914249450516,69.90418447637362,77.37366038647792,55.306943143361096,6.646074385396359
1957-09-01,1957,73.04237970717068,86.50463959043616,83.13907461961979,383396,69.0674915752903,348452,75.99382411350774,9.999942603285389,90.00005739671461,55638,306894,68.15512848084354,84.05801351606743,238680,194756,86.12006818788637,70.27149321266968,77.78684723124015,55.30118871596956,6.707098046095114
1957-12-01,1957,73.4646914599552,86.76972254686746,83.44346477513939,377467,69.77537109204248,344220,76.51472895241416,9.62785427924002,90.37214572075997,55861,302650,68.5669915744259,84.32777135304808,232911,191499,86.74927806411522,71.32509842815496,78.93563944786297,55.60049736224902,6.909028729214121
1958-03-01,1958,73.19367214832593,87.35274730846587,83.81297851843088,371330,69.97522419411305,340430,76.32670446200393,8.908145580589254,91.09185441941075,57296,297706,68.03457101973088,84.91867815898907,223984,184680,87.73229369720598,72.33730980784341,80.60574703494389,55.503601425190325,7.116339277322556
1958-06-01,1958,72.85360943987916,86.98226513303256,83.4501012097442,372867,69.59532487455313,341441,76.0008317688854,9.260165006545787,90.73983499345421,58917,297274,67.4734420097284,84.4022686141405,223228,183692,87.20684624262353,71.76160696686796,79.94889403497565,55.10576353393118,7.211372048527423
1958-09-01,1958,72.90331378699032,86.57384426564843,83.1562116459839,385558,69.32809071527501,351761,75.98909486839075,9.761741637077447,90.23825836292255,59844,306806,67.61797357287666,83.95500739881228,231631,189667,86.64448744378305,70.94732570338167,78.78988373486756,55.13397783502709,7.144728238786021
1958-12-01,1958,72.52635167164672,85.81963152932904,82.49631156490847,397346,68.53850296718728,360522,75.53907944591454,10.615440943964584,89.38455905603541,60316,315182,67.2687526571949,83.10595148200088,242895,197391,85.79722479748317,69.72395479528191,77.24720510493115,54.6369208237619,7.0932600387204205
1959-03-01,1959,72.9156677992954,85.96521856955243,82.70283087698817,406564,68.82729410375734,368798,75.87541147186265,10.54533918296737,89.45466081703263,60712,323056,67.8257020454658,83.32765836263683,252158,204950,85.19736521102708,69.24705938340247,76.66962317669685,54.852443913005125,7.096413764713954
1959-06-01,1959,72.56190980250146,85.30979591733373,82.12282438862566,419841,68.24940870472393,379458,75.51270496339515,11.221004696171908,88.7789953038281,61289,333600,67.52098321342926,82.61091127098321,263714,213862,84.67142362832107,68.66529649544583,75.82470039444924,54.59112714857816,7.040439565464237
1959-09-01,1959,72.9332689571051,85.7295690180931,82.53049400284611,415628,69.0538173559048,377737,75.9806426164236,10.688389011402114,89.31161098859789,61951,331569,67.8760680280726,83.06325380237598,259925,211857,85.66155472795329,69.82014042512263,77.56715748081979,54.92200117878493,7.23287891429315
1959-12-01,1959,72.85130220686229,85.55236811657494,82.37710163914677,419847,69.13661405226189,382396,75.90769777926548,10.858377179677612,89.14162282032238,62876,335563,67.7643244338619,82.84524813522349,263507,215159,85.51071533145256,69.82129506996019,77.77247037837061,54.953143636053845,7.323223717839496
1960-03-01,1960,73.3006506294159,85.50099445996287,82.45090850232613,431923,69.19983422971224,391532,76.33858790596938,10.955426376388138,89.04457362361187,64300,343459,68.30218454022169,82.78659170381326,273950,222674,85.37862525485687,69.39806534039059,77.02055599218922,55.1330412727692,7.2590269771731615
1960-06-01,1960,73.61324824362254,85.98043782021425,82.88864042606633,432193,69.84634179637338,393698,76.67577686450021,10.442521933055286,89.55747806694471,65901,344176,68.56085258704849,83.29604620891637,271968,222304,86.16848999568158,70.43328626897282,78.37165534735291,55.552672452502414,7.350992646246936
1960-09-01,1960,73.52317575198242,85.87815274016685,82.78940849312075,432877,69.9339535249043,395203,76.60063309236013,10.527248021902668,89.47275197809734,67232,344513,68.35620136250301,83.12226244002403,271353,222049,86.06388679976041,70.4263450192185,78.58508682832952,55.516779114271095,7.468856078680925
1960-12-01,1960,73.62222752670782,86.04933821129498,82.9425605401482,430682,70.18147960676323,393851,76.74450490159984,10.30135762001366,89.69864237998634,68245,342309,68.36337928596677,83.26804144793155,268297,219625,86.5019920318725,70.80958788208589,79.23988438100879,55.568649368126515,7.64976890748578
1961-03-01,1961,73.55976112046339,86.25254088459168,83.07934594355962,432214,70.16339128302184,395340,76.70764405322001,10.056407143218495,89.9435928567815,69188,343070,68.22747544232955,83.48004780365522,267223,218539,86.8586385038826,71.03430468185748,79.59076710203568,55.518818355906575,7.725613395286166
1961-06-01,1961,73.13091670234527,85.65291851006137,82.52241805813235,441844,69.58496663980952,403336,76.2285042743519,10.71910268361862,89.28089731638138,69846,350574,67.77770171204938,82.79450272980883,275309,225173,85.84155293929557,70.20911049039442,78.38375973754749,55.226406045397965,7.698110902947796
1961-09-01,1961,72.99247565274472,85.44934672967713,82.33512896044404,450793,69.31429724951363,410791,76.06398387501187,10.954962499178414,89.04503750082158,70944,357133,67.6274665180759,82.55887862505006,282147,230439,85.52545359075503,69.85153129397088,77.85111887973771,55.09390846833631,7.6849429073187245
1961-12-01,1961,72.62697879798336,85.03067065745599,81.92974769258782,464061,68.75884851344973,421833,75.64201947216078,11.439361074169161,88.56063892583084,72873,366472,67.18385033508699,82.05401776943395,292143,238099,84.84705941646122,69.15106642979637,76.86775868957251,54.78694452504863,7.6322915074853155
1962-03-01,1962,72.49236839234145,84.81070718451012,81.73112248646795,472263,68.93976449563061,431380,75.47336455097594,11.701747878900273,88.29825212109972,74306,374813,67.03903012969134,81.79945732938826,297665,244509,84.21775885550225,69.17843884904171,76.93543505957341,54.94924093467566,7.622720483371448
1962-06-01,1962,72.7340939008337,84.79333040807371,81.7785212812637,478660,69.26043538210838,437850,75.7158844353089,11.730501313235127,88.26949868676488,75090,380710,67.35625541750939,81.79401644296183,302900,249180,84.48190063407978,69.49884450313635,77.38273783267167,55.24694495503047,7.680398884802349
1962-09-01,1962,72.64368015887328,84.56960592385293,81.58812448260802,483793,69.10724214695128,442091,75.62605888832842,11.958397705449784,88.04160229455022,75990,384251,67.23365716679983,81.51807021972617,307635,252355,84.29712111905847,69.1494790904806,77.10134211890238,55.041346532175886,7.7273483068747355
1962-12-01,1962,72.31716926028383,84.25608722090423,81.27135773074913,490672,68.83478168715557,448701,75.27351175950132,12.299504569858325,87.70049543014167,77285,389759,66.82796292067663,81.13423936329886,312258,256294,83.82092440712618,68.79823735500771,76.74566486378349,54.847662073198855,7.783021165894232
1963-03-01,1963,72.46797569155167,84.30375410744267,81.34480950346992,496642,69.0068500046311,454380,75.42519477089661,12.256041198996435,87.74395880100357,78784,394138,66.96461645413535,81.16624126574956,315654,259282,83.81761942595321,68.84880280306918,76.79239015978686,54.93580187545083,7.7683738078063636
1963-06-01,1963,72.48382462410366,84.11883558144821,81.21008284211207,504999,68.83637393341373,460900,75.42265133434584,12.4706009980473,87.5293990019527,79909,399678,66.98242084878326,80.94365964601504,322733,264365,83.55266393055057,68.44171497801588,76.22551134147983,54.82640767266573,7.747266352597537
1963-09-01,1963,72.51929114673608,84.08040907717076,81.19012959456208,512479,68.82369814177751,467521,75.44195875693285,12.530987912842418,87.46901208715758,81044,405319,67.02449182002324,80.8972685711748,327976,268528,83.54436036465471,68.40134643998341,76.13934103528325,54.814981739062866,7.747299712487373
1963-12-01,1963,72.50975487036277,84.14669385165323,81.23745910633062,521597,68.79583279811808,476045,75.37879822285709,12.523816025795881,87.47618397420412,83005,411876,66.96967048334936,80.95179131583292,333424,272968,83.57023533894083,68.41739046979221,76.12017992285207,54.842131164327554,7.745728700048448
1964-03-01,1964,72.12206064723027,83.55818674418053,80.69915521994297,532800,68.54898648648648,487564,74.90893503211886,13.213034596483743,86.78696540351626,84787,421617,66.51581885929647,80.25174506720555,341989,281221,82.49597291809644,67.83726961978309,75.41715834950604,54.73243628418445,7.676319011417671
1964-06-01,1964,72.25707881899473,83.66171349687066,80.81055482740167,542164,68.7386104573524,496985,74.98737386440234,13.177057657675785,86.82294234232421,86395,429369,66.67481816339792,80.37422356993635,348303,286723,82.60934769795237,68.00400800452479,75.64439533346321,54.90808528318455,7.64313192196568
1964-09-01,1964,72.36052989311513,83.64817473221663,80.82626352244125,552218,68.8251741160194,506375,75.05603554677857,13.235843001727968,86.76415699827203,87898,437340,66.80546028261764,80.3617322906663,355643,292655,82.65021954178128,68.01202329302137,75.6738154457428,54.994212125596874,7.618723773694111
1964-12-01,1964,72.42623682616255,83.7742587108161,80.9372532396527,559675,68.99486309018627,514318,75.07942556939481,13.156840709444351,86.84315929055565,89157,444002,66.8893383363138,80.516078756402,360346,297038,82.81230010975027,68.26328029171962,76.02564023316046,55.09247303850582,7.6516570672000705
1965-03-01,1965,71.69065325752987,82.99348275081921,80.16777537749688,576428,68.16549508351433,529001,74.27679720832286,14.012638917506772,85.98736108249322,90230,457854,66.1116862580648,79.64198194184172,374200,308568,81.5392393248814,67.23784072688402,74.67944151588546,54.5613981492796,7.55465512836179
1965-06-01,1965,71.6662694366442,82.98768347995004,80.15732996912358,587263,68.09896077226047,538759,74.22985045261424,14.043756113586966,85.95624388641303,92098,465933,66.06572189563735,79.62496753825121,381419,314491,81.49040831057168,67.19119917990452,74.56003817027083,54.58309960269203,7.540662307334297
1965-09-01,1965,71.7537841912708,82.9942468343531,80.18413117358253,598838,68.18789054802801,549574,74.30027621394025,14.060344921702992,85.93965507829701,94923,474155,66.09906043382438,79.58979658550474,388888,321056,81.52721020631914,67.30678241550267,74.61119219191826,54.74371332465481,7.53395548750977
1965-12-01,1965,71.75712437664905,82.94586873193093,80.14868264311046,617682,68.0703015467506,566454,74.22632729224262,14.19991738075819,85.8000826192418,98383,487563,66.05812992372267,79.50459735459827,402043,332099,81.24806157200112,67.11321923276863,74.16108950485797,54.785656581450496,7.445469470721601
1966-03-01,1966,71.47466365640803,82.89928836429411,80.04313218732258,638636,67.81405996530104,586094,73.89343688896321,14.295317815913489,85.70468218408651,100938,504990,65.77298560367532,79.48117784510585,413660,342476,81.01472803933706,67.07344195716288,73.95198089470766,54.86748871509852,7.337371362258323
1966-06-01,1966,72.2853624694804,83.21694815451006,80.48405173325266,647397,68.64227050789546,595012,74.68555256028449,14.01988531323738,85.98011468676262,103512,511257,66.67409932773536,79.818956024074,421236,349816,81.65778580739588,67.81281751797093,74.69119661963582,55.473195137600705,7.324432083446721
1966-09-01,1966,72.77953301749668,83.50706479549949,80.82518185099879,658218,69.22402608254409,606041,75.18385719778034,13.73421930199442,86.26578069800559,107612,518450,67.12952068666216,80.08371106181889,427396,356196,82.19407292614179,68.5013430167807,75.38830751483191,55.94882587831964,7.323218679855992
1966-12-01,1966,72.71661092740412,83.4008319339721,80.72977668233011,669227,69.3008500852476,617762,75.07421952143382,13.895157034586136,86.10484296541387,110425,527366,67.00375071582165,79.92513738087021,434627,363851,81.9654199108976,68.61791835297853,75.44695373235143,55.978071292439495,7.340830389268355
1967-03-01,1967,72.97088319274106,83.66878292584087,80.99430799256592,674693,69.65790366877972,623806,75.34025001362603,13.614489120014877,86.38551087998512,112718,531343,67.23698251411989,80.20431246859373,436511,366051,82.3240477419813,69.03560276831512,75.96695598248475,56.163800778444475,7.384945213713721
1967-06-01,1967,73.21067392381838,83.75422145190238,81.11833456988138,680002,69.9437648712798,629285,75.58085764002003,13.53424918757002,86.46575081242997,114949,534709,67.45164192111972,80.26178725250557,439755,368879,82.50401893303766,69.20671737672113,76.23308276326765,56.24094664536628,7.413670166410266
1967-09-01,1967,73.2906496052586,83.94270170176067,81.27968867763515,692687,70.0521303272618,641649,75.62421199129119,13.38457630262028,86.61542369737973,117775,544304,67.51135394926365,80.46826773273759,448145,375749,82.69456472272714,69.3355945062424,76.46576778546942,56.24279205297399,7.397280597336696
1967-12-01,1967,73.53564034660032,83.90534438478741,81.31291837524063,707167,70.16814981468309,654456,75.81961201364186,13.488607331890915,86.51139266810908,121633,553150,67.71635180330833,80.36626593148333,459891,384099,82.59849674172544,68.98591187911919,76.17597837126605,56.31377355599816,7.37052358011451
1968-03-01,1968,74.21105539317942,84.62393301452089,82.02071360918552,724844,70.4786133292129,668312,76.44034522797735,12.833975747854296,87.1660242521457,125172,563216,68.47958864804977,81.20667736712025,473150,391426,83.73511212847383,69.27211243791609,76.600791807087,56.5029990189453,7.295750938195766
1968-06-01,1968,74.1398948701441,84.49398297830193,81.90546095126248,743809,70.44550415496451,686673,76.30706318728129,13.036190442903681,86.96380955709631,128812,577933,68.37609203835046,81.03794038409296,487242,403070,83.37559232887588,68.97229713366254,76.35447386477755,56.49605429003637,7.200610698216533
1968-09-01,1968,74.31801442392066,84.67524068656647,82.08593412090501,760775,70.6922546087871,703447,76.45337886152049,12.891802793956048,87.10819720604395,133198,590461,68.52459349559074,81.2182345658731,497881,411961,83.52125565284092,69.10787919201576,76.61826368306549,56.65465049153249,7.156611986398055
1968-12-01,1968,74.52274324622616,84.74796157841068,82.19165699536454,776459,70.87367137221669,718414,76.5999827397573,12.889782214711852,87.11021778528814,135530,602909,68.7956225566379,81.31940309399926,510200,421972,83.61431564179614,69.15503724029793,76.70329049200856,56.78018128633852,7.156941141268179
1969-03-01,1969,74.71871473146119,84.76053906924251,82.25008298479719,791850,71.0669950116815,732931,76.77994245024429,12.901214439012676,87.09878556098732,137893,615257,69.05260728443561,81.34503142589195,523199,433171,83.99892882949229,69.5450488246346,77.10984569935427,56.91549614861803,7.149026636028222
1969-06-01,1969,75.10747835781144,85.15020922627303,82.63952650915763,805297,71.61295770380369,747543,77.14566252376117,12.539078019592184,87.46092198040782,140974,626855,69.50937617152292,81.81062606184844,531918,441966,84.46916731151265,70.18469012140969,77.86786085258868,57.24619266665211,7.17094931695318
1969-09-01,1969,75.55628272251309,85.48342738403244,83.0016412186526,821460,72.23881868867626,764946,77.57580273640231,12.231713088244138,87.76828691175587,147124,638268,69.9218823440937,82.13728402489237,540058,450538,84.88939889643049,70.81813434853294,78.5972634944904,57.699237402754996,7.1830768168687325
1969-12-01,1969,76.33669188949071,86.09333117954982,83.65417135703505,828000,73.05495169082126,771967,78.3576240953305,11.627440033058408,88.3725599669416,150285,642119,70.79840341120571,82.83853927387291,544618,454702,85.8082876257417,71.6414073717725,79.57854202954121,58.18877406234879,7.252637948167409
1970-03-01,1970,76.81478409465657,86.4422087201575,84.03535256378227,831612,73.94433942752148,780108,78.82626508124515,11.294205417711394,88.7057945822886,154688,645848,71.26165909006454,83.19496228214689,542886,456442,86.41514146375663,72.6552167490044,80.90675626335847,58.72903540665652,7.310161852725194
1970-06-01,1970,76.48971869947376,85.95026645174578,83.58512951367777,841997,73.65940733755583,790627,78.44533515804545,11.852238792755623,88.14776120724437,157625,653216,70.81654460392888,82.55998015970215,550103,462659,85.69594452934018,72.07377527481218,80.28917712098661,58.407998056237275,7.326591691167746
1970-09-01,1970,76.38776912366464,85.93157373121987,83.54562257933105,854489,73.51422897193527,801491,78.37530302897974,11.832572043853268,88.16742795614672,160567,661778,70.65874054441217,82.51815563527346,555853,466249,85.96651145632484,72.10863303787153,80.4220765540447,58.192107666853794,7.355314327851054
1970-12-01,1970,76.51658508738902,86.10484252972684,83.70777816914239,854006,73.76809998992981,802170,78.53497388334144,11.623845319570664,88.37615468042934,163410,659920,70.7016001939629,82.66411080130925,552450,463030,86.45336155324709,72.4599511267988,81.0816558842712,58.14551700522677,7.512591593052265
1971-03-01,1971,76.06894907954786,85.49901902193375,83.14150153633729,886085,73.11713887493863,830612,78.00031783793155,12.330185453617332,87.66981454638267,170077,681624,70.09773716887904,81.88077297747732,577203,482343,85.26608658154052,71.25309466513514,79.59231857441164,57.75119067038553,7.426770317164462
1971-06-01,1971,75.99390457410342,85.53637904979544,83.15076043087244,903508,73.02348180646989,846518,77.93963034454082,12.273572446185433,87.72642755381457,173188,695004,70.01182727005887,81.9321903183291,587604,490212,85.4059060161726,71.25036589267602,79.66654488438294,57.67276751451494,7.46288879137478
1971-09-01,1971,75.72120627250857,85.28060062761246,82.89075203883648,919493,72.87581308394952,862892,77.65606819856946,12.540271551943928,87.45972844805607,176155,708786,69.68718343759612,81.6223796745421,597716,499400,84.9669603524229,70.99107268334795,79.46875374565504,57.496025143914245,7.510225655132648
1971-12-01,1971,75.43039247016362,85.14555774374716,82.71676642535128,939329,72.62141379644406,881851,77.35479122890375,12.682187807237277,87.31781219276272,180088,724261,69.32114251630283,81.45199037363602,610678,510794,84.63783834579107,70.79426473526146,79.21319080791683,57.32217959975967,7.527005508241354
1972-03-01,1972,75.72083238462352,85.11770949917742,82.76849022053895,972621,72.8293960340153,912380,77.63804555119577,12.7271531598676,87.2728468401324,186103,749378,69.6912639549066,81.42179247322446,636981,534401,84.72757348882206,71.08296793781918,79.22178811318874,57.79499882509595,7.46537296676327
1972-06-01,1972,75.8010026040847,85.38281723773972,82.98736357932596,990578,72.93448875303106,932966,77.43829893050766,12.772919913480234,87.22708008651976,188902,764216,69.8193966103824,81.76968291687167,649613,545837,84.78300298440743,71.23887606929048,79.3381416328217,57.840734688845245,7.44744302374641
1972-09-01,1972,75.12068416280722,84.87496630645201,82.43639577054081,1018184,72.2604165848216,955541,76.99763798727632,13.004360880380853,86.99563911961914,191996,787420,69.05438012750501,81.18704122323538,663549,557017,84.58718495126719,71.00681336269062,79.08305848586319,57.40470117712781,7.389603793149455
1972-12-01,1972,74.54243941927383,84.91813521590572,82.32421126674775,1060970,71.51625399398664,994148,76.32324362167404,13.05318725179752,86.94681274820248,197444,820454,68.41602332367202,81.28865238026751,687702,574990,84.5145132958834,70.66287432637974,78.62479815940796,56.988972725483805,7.2471170008697445
1973-03-01,1973,75.01552032733086,84.96228321684333,82.47559249446522,1093030,71.85740556068909,1023523,76.73721059516983,13.087737158813237,86.91226284118676,200582,846432,69.09485936259499,81.39874201353446,717175,599547,84.58386081491525,70.71077491546694,78.55468792356439,57.29585211771057,7.183510599495192
1973-06-01,1973,75.11315221497799,85.39429338779603,82.8240080945915,1115392,72.01297839683268,1046013,76.78938980681885,12.700033364786098,87.2999666352139,204051,865305,69.244486048272,81.95006385031867,729006,609574,85.2770951516961,71.30627182766672,79.28905904424887,57.393403838912306,7.16721769246544
1973-09-01,1973,74.94959479421794,85.34471496735424,82.74593492407017,1138613,72.05433277153871,1072289,76.51108982746256,12.877218734874647,87.12278126512535,207301,887328,69.09722222222223,81.92089058386527,743473,624281,85.16981936019197,71.51557622132881,79.56409508204081,57.31759629666373,7.14566167234193
1973-12-01,1973,74.58430620228881,85.41303548405676,82.70585316361478,1175027,71.63324757643866,1105244,76.15603432364256,12.787040689657669,87.21295931034233,212459,916076,68.6898248616927,82.0299844117737,763259,640483,85.18696046577348,71.48399167255153,79.42181302085228,57.05603314457232,7.081588412414573
1974-03-01,1974,75.46358326212103,85.63858968001941,83.09483807554481,1182048,72.61600205744605,1113927,77.05675506563716,12.553425852861094,87.4465741471389,216092,921352,69.70886262796412,82.27029408955535,771696,650224,85.83980289869338,72.32783375837117,80.32937647878323,57.563511554200595,7.164824906481324
1974-06-01,1974,76.24031061571199,85.66821604246147,83.3112396857741,1198956,73.27299750783182,1129372,77.78756689558445,12.593193385350443,87.40680661464955,220151,932141,70.628799720214,82.28336700134422,788954,664358,86.10207147351278,72.50435386600486,80.45123779573628,57.78290081658023,7.164069154446465
1974-09-01,1974,76.7880021358955,86.25622898437487,83.88917227225502,1223854,73.55599605835337,1149069,78.34325005722023,11.996755634343977,88.00324436565602,224360,947982,71.29439166566453,83.00347474952056,803711,673159,87.15548629669959,72.99825434764486,80.96018745058102,57.837677390173575,7.160626448804207
1974-12-01,1974,76.41378802879083,85.90267372167072,83.53045229845075,1242096,73.5740232639023,1172925,77.91291003261078,12.412046806061769,87.58795319393823,231327,964609,70.75747790037207,82.52193375761578,809792,682976,86.74038326383358,73.1565636607919,81.24903995962345,57.72401168806067,7.234482558235017
1975-03-01,1975,75.729925352151,85.02565633294606,82.7017235877473,1251073,73.41082414855089,1190099,77.17198317114794,13.355275485484821,86.64472451451518,237243,975518,69.827517278,81.3839416597131,810980,690544,85.40237841469913,72.71954918740289,80.91323937787436,57.375475097518375,7.345176307720756
1975-06-01,1975,75.34668758510928,84.59630183726821,82.28389827422848,1277331,72.90342127451694,1213506,76.73781588224533,13.841793942510378,86.15820605748962,243266,992645,69.3049378176488,80.82134096278125,831665,706661,84.3572802234735,71.67789915410653,79.68655800641909,56.851922286780415,7.322229758646521
1975-09-01,1975,74.84813633790732,84.2984051477456,81.93583794528602,1329321,71.91889694061855,1255050,76.17489343054062,14.207322417433568,85.79267758256643,248431,1028866,68.77494250952019,80.50708255496829,869944,732644,83.71255343659404,70.5005149756766,78.16235656354024,56.21025437201908,7.1964280674687915
1975-12-01,1975,74.8288729200717,84.35492167264736,81.97340948450345,1367528,71.91238497493288,1292372,76.09434435286434,14.218506745735748,85.78149325426425,254209,1060019,68.79244617313464,80.60298919170317,895527,755219,83.69651716919198,70.58324316296438,78.1789914646409,56.301550633907844,7.163774077477307
1976-03-01,1976,74.89414465114048,84.22277412236193,81.89061675455656,1415759,71.6754758401677,1333279,76.10950146218458,14.410487227354515,85.58951277264549,257991,1096924,68.98937392198548,80.51205005998592,938097,788749,83.52302189923537,70.22589348436249,77.54148162708496,56.31872980493972,7.062318723144941
1976-06-01,1976,75.16327677136607,84.4994853823921,82.16543322963558,1437102,72.05758533493099,1357267,76.29604197258166,14.227045968110916,85.77295403188909,261529,1116193,69.34392170529648,80.86764564909474,950787,800991,84.10968412878546,70.85824690493244,78.304708085233,56.54368242874304,7.0640493611444795
1976-09-01,1976,75.21372137412718,84.64268913009182,82.28544719110066,1466186,72.18811255870673,1387183,76.29937794797081,14.135553852663996,85.86444614733601,265303,1141903,69.4550237629641,81.07466220861141,970678,819398,84.27345441409425,71.13945098168497,78.61478771098548,56.62400832872796,7.060854604099202
1976-12-01,1976,75.48729945779846,84.96413620726128,82.59492701989556,1495572,72.53619350990792,1417982,76.50527298654002,13.890091693688637,86.10990830631137,271730,1165374,69.77167844829214,81.45822714424726,989559,836659,84.63543689842577,71.55813852433256,79.10721048521606,56.83793530363783,7.0705356015464425
1977-03-01,1977,75.52954553009504,84.9316880669341,82.58115243272432,1536967,72.43753444283449,1457601,76.38173958442674,14.110034227473774,85.88996577252622,276119,1197928,69.8891753093675,81.4584849840725,1026561,867497,84.58807350342423,71.48128557387237,78.86775499587819,56.77686742760744,7.070405210652627
1977-06-01,1977,75.10410151480924,84.27776595341841,81.98434984376611,1600098,71.89265907463168,1515363,75.91270210504018,14.81486614098404,85.18513385901596,280999,1250679,69.51056186279612,80.74533913178361,1078572,911956,83.5166389606516,70.61512815092549,77.68805029906893,56.52262569722603,6.998449298548355
1977-09-01,1977,74.75594008754412,83.75874397833782,81.5080430056394,1652214,71.55071921676006,1565769,75.50098386160411,15.406487163815353,84.59351283618464,287414,1293960,69.14873720980556,80.15124115119478,1119525,947537,82.7446316080533,70.03291574551707,76.9887772406486,56.3510668926739,6.95973245218479
1977-12-01,1977,74.67425786230247,84.27134763142064,81.87207518914109,1702497,71.52341531291978,1615564,75.37206820652106,14.941159867389963,85.05884013261003,296930,1333731,69.03596002492257,80.76966044877115,1143587,967167,83.47193400932828,70.5948038933636,77.70073811143952,56.49105975595838,6.945193163271839
1978-03-01,1978,75.03870370625852,84.54736907770312,82.17020273484198,1733345,72.17316806521495,1651262,75.76084231333368,14.638985212522302,85.3610147874777,302708,1364445,69.50093261362679,81.11913635214317,1169431,995071,84.10053151986139,71.56129775933766,78.85510000819778,56.86486633908644,7.0504143238316885
1978-06-01,1978,74.42832206791105,83.94449609791894,81.56545259041697,1825615,71.16648362332694,1729982,75.10055017913481,15.297326792995534,84.70267320700447,308244,1437363,68.94444896661456,80.50137647901052,1243145,1051085,83.0651184252463,70.23195202490457,77.18949723851178,56.253607246663584,6.863304997819957
1978-09-01,1978,74.54014478079937,83.92580764581781,81.5793919295632,1873836,71.34871995201287,1776484,75.25865698762274,15.26520925603608,84.73479074396391,316016,1477592,69.09498697881418,80.48798315096454,1267177,1081545,83.11877915389559,70.94249658887432,77.37888554820951,56.510516062467005,6.810090381624925
1978-12-01,1978,74.6807855605075,83.92838688698086,81.61648655536251,1933189,71.39793367332423,1830664,75.39652279173022,15.267247293878068,84.73275270612193,322234,1525975,69.33422893559855,80.53460902046233,1310704,1116540,83.28255145359772,70.94530878062476,77.39221985485052,56.62165399617014,6.807116919174101
1979-03-01,1979,74.89941189787977,84.37943906535463,82.00943227348591,1981254,71.80235345897094,1882063,75.5865770699493,14.846421187813585,85.15357881218641,329798,1569532,69.62514940759411,81.09716781817765,1340632,1147540,84.11959495965283,72.0038011922735,78.51437699680511,56.86181166441232,6.794021341161197
1979-06-01,1979,75.23846562805775,84.50511271134023,82.1884509405196,2015724,72.17357138179632,1917987,75.85140045266209,14.806461149111021,85.19353885088898,334156,1599456,70.06532220955124,81.26794360082428,1366484,1171040,84.47123924033338,72.38957792407375,78.93631419013815,57.0466864322274,6.81845184761984
1979-09-01,1979,75.68663481687041,84.82556775430619,82.54083451994725,2058652,72.70733470251407,1962250,76.27932220665053,14.510179640718563,85.48982035928144,343439,1634177,70.5769326088912,81.6365057151092,1393932,1196632,85.09032016526385,73.04646137688209,79.69347279574976,57.36732671939168,6.891632667531576
1979-12-01,1979,75.81030065132231,84.59026157593524,82.39527134478202,2102680,73.00254912777979,2008692,76.4183856957662,14.731228082752358,85.26877191724765,350637,1674167,70.74401777122593,81.36285089838708,1422967,1225819,85.25345095809413,73.44182964186801,80.1608505056781,57.53145563379199,7.0187543827627135
1980-03-01,1980,76.64757570429481,84.80897429465801,82.76862464706721,2138541,73.58717929653909,2037361,77.24168667212143,14.53365407505101,85.466345924949,359061,1694092,71.69805417887576,81.58925253173972,1453162,1246254,86.08830944574702,73.83065343024384,80.5681256674091,57.81275141896732,7.094726401058026
1980-06-01,1980,77.1586819124813,84.89298982004149,82.95941284315144,2137632,74.81493540515861,2055604,77.80039346099736,14.400974117582958,85.59902588241704,372368,1700332,72.15649649597843,81.58459641999328,1447663,1257691,86.2142608955618,74.900650220389693,81.98171361000074,58.33155219087817,7.287559552771543
1980-09-01,1980,76.58906016345802,84.74319787071957,82.70466344390418,2198684,74.07599273019679,2106673,77.31133403238186,14.457630586237162,85.54236941376284,379429,1747111,71.50478704558554,81.42980039619692,1489175,1286559,85.83764910897985,74.1586448872698,81.2798676384758,57.67851261620186,7.347959274015051
1980-12-01,1980,75.34792708096623,83.6074144083532,81.54254257650646,2319381,72.76618201149358,2216749,76.13514204810738,15.519077712451883,84.48092228754811,389724,1850185,70.15520069614661,80.15447103938254,1571175,1354439,84.64567248875734,72.96921094085637,79.9543346832544,56.92805556651802,7.269055538521579
1981-03-01,1981,75.41008618701768,83.56816160369229,81.52864274952364,2385216,72.93964152512812,2283113,76.2015721517069,15.554727251782982,84.44527274821702,400835,1906241,70.23943981899455,80.11295528739545,1634772,1411136,84.05965123134835,72.56033257237095,79.64917181234371,56.764266370844076,7.210153675486965
1981-06-01,1981,75.305107908388493,82.78794698069923,80.91723721262154,2426029,73.16095561924445,2333618,76.05812090924907,16.38421541143409,83.61578458856592,409657,1947296,70.10998841470429,79.16700902174091,1670799,1448191,83.49734254666684,72.37261932763906,79.69599286084782,56.75855964409379,7.266407769970797
1981-09-01,1981,74.27409270794803,81.73267658929548,79.86803061895861,2515624,72.1586771313996,2420891,74.98235153916471,17.487941423219798,82.5120585767802,419472,2024504,68.94375116077815,77.94773435863797,1725035,1495411,82.6661700361974,71.66225612813653,78.88656393920076,56.167259052016355,7.244305040241669
1981-12-01,1981,74.78849022813478,81.77034410356585,80.02488063470808,2523748,72.93945354290524,2436612,75.54785086833685,17.399405403896886,82.60059459610311,429792,2031560,69.4548032054185,77.91372147512257,1730396,1507388,82.96921562331663,72.27640378271795,79.67134331857122,56.57961022080029,7.5003311835346915
1982-03-01,1982,75.20776343823235,81.86986489478441,80.2043395306464,2530235,73.7033911869846,2456075,75.9288295349287,17.345195077511885,82.65480492248811,439701,2039922,69.86384773535458,77.96195148638036,1720946,1509886,83.40623066907038,73.17713629596744,80.70109670118129,56.99254430144542,7.683073522796175
1982-06-01,1982,74.8195275140394,81.54541538547049,79.86394341761272,2571541,73.28516247650728,2497725,75.45098039215686,17.76636739432884,82.23363260567116,448621,2070184,69.36277161836823,77.54619879199144,1746366,1533594,82.83919994470506,72.74632007265373,80.08529120674766,56.64901267822698,7.651033583459058
1982-09-01,1982,75.00867251291821,81.73003737154148,80.04969615688566,2592845,73.46929723913307,2515254,75.73569110714067,17.477797470951245,82.52220252904876,457418,2082215,69.51861359177606,77.71651822698425,1759623,1545443,82.99225529508368,72.89049984002256,80.22981819091675,56.6807395666491,7.783754801265044
1982-12-01,1982,74.94997018918731,81.96152803271298,80.20863857183156,2608090,73.55286819089832,2533150,75.72883563942128,17.186743777510216,82.81325622248978,465958,2093516,69.37453547047168,77.9466696218228,1757242,1544874,83.37903285316473,73.30242505016383,80.83521076379519,56.740572692827584,7.89784877856883
1983-03-01,1983,74.55275483116662,81.56863705934914,79.81466650230351,2662342,73.14589936229079,2586322,75.29588349787845,17.618301201474527,82.38169879852548,473929,2138173,68.91233777622297,77.4832999949022,1794390,1575482,82.85134327145597,72.7438293793434,80.2909722572494,56.56382285947649,7.906644134789269
1983-06-01,1983,74.54915212001895,81.40319577159593,79.68968485870168,2729978,72.7650918798613,2639901,75.24793543394242,17.833774827162078,82.16622517283793,481183,2183463,68.9403942269688,77.30490509800258,1856710,1616882,82.4731798609917,71.82026272277308,79.27017608936794,56.32759689891707,7.876422849063939
1983-09-01,1983,74.35610765893863,81.08927876071994,79.40598598527461,2803827,72.39408850831381,2706101,75.00847159806673,18.199283766570428,81.80071623342957,489189,2240654,68.7574252874384,76.96061060743872,1913062,1658518,82.30558848321212,71.35435234195232,78.79084699469323,56.1714561815016,7.843229499323111
1983-12-01,1983,73.85902836122929,80.77082606353726,79.04287663796026,2901738,71.92151738027347,2802140,74.47786334729885,18.552427787333965,81.44757221266603,497289,2328329,68.27578920332994,76.66382199422848,1982159,1720007,81.86402729756333,71.03703587855465,78.39462354276729,56.01577157519815,7.758589684058523
1984-03-01,1984,73.01024900959385,80.56702923102803,78.67783417566949,3025110,70.87586897666532,2913482,73.59142771432946,18.791638321431194,81.2083616785688,507719,2428955,67.36864207035536,76.50499906338322,2071233,1792677,81.00031405546008,70.10674318147693,77.19227925169832,55.45777489462347,7.567633420034888
1984-06-01,1984,72.72898034067158,80.40729259943542,78.48771453474447,3105711,70.6882578578625,2996852,73.25596993111438,19.010081245253353,80.98991875474665,518813,2499754,67.06899958955961,76.34091194573546,2116773,1835681,81.0414227744363,70.2797135073057,77.36855928126585,55.39888368135333,7.4970847978738515
1984-09-01,1984,72.504862620854,80.02004557635722,78.14124983748141,3166698,70.79352056937542,3067505,73.08274966136975,19.342168961419787,80.65783103858021,529893,2562061,66.81823734875945,75.8877325715508,2148735,1876467,80.93459677148599,70.67930666182662,77.8342783020391,55.485094897899835,7.572155692698362
1984-12-01,1984,72.55392044856882,79.76574965861266,77.9627923561017,3222303,70.8520582949524,3117462,73.23483012784118,19.485658526070246,80.51434147392976,540546,2606173,66.86133268973319,75.56896645003997,2189700,1913224,80.79780517074843,70.59610905603508,77.72711091266729,55.476305665096866,7.693943202994222
1985-03-01,1985,72.47733577364032,79.98374376277621,78.10714176549224,3286666,70.70189060890276,3179276,73.09006830485934,19.34006358680404,80.65993641319596,550270,2655884,66.7749419778876,75.83659527298632,2224826,1940270,81.08036510382576,70.71015890680889,77.84996105468082,55.445571722396934,7.668586644778598
1985-06-01,1985,72.77543987224763,80.11735262959726,78.28187444025986,3326971,71.05147595214987,3222832,73.34735412829461,19.25303583928669,80.7469641607133,560190,2687969,67.10166672309093,75.97368124409172,2256351,1969647,81.20754632682912,70.88888209325589,78.08318350525931,55.6419106909321,7.716929027471384
1985-09-01,1985,72.86251160695336,80.15099711563235,78.3288757384626,3387717,71.03993633470564,3275923,73.46424198615169,19.187081015029964,80.81291898497004,572647,2730330,67.17081817948745,75.9879574996429,2302421,2006709,81.09571442595812,70.68016665935552,77.80992986202389,55.634264018591665,7.825102772683676
1985-12-01,1985,73.51403661799314,80.82742799397263,78.99908014997776,3423138,71.74496032587643,3315209,74.08066882057813,18.549569574648235,81.45043042535177,581551,2759211,67.93166597262768,76.78647990313173,2314923,2019259,82.39111476041458,71.86804917485377,79.16170029524632,56.14262926093956,7.940388337174582
1986-03-01,1986,73.61221714847574,80.86490891616212,79.05173597424053,3474555,71.75123145266085,3364703,74.09379074468089,18.60607013457057,81.39392986542943,590628,2796087,68.03822627836688,76.82293147530817,2340067,2037095,82.9594103367786,72.21853049506703,79.53005621348417,56.15459431650732,7.979378294501704
1986-06-01,1986,74.0309464681939,81.42609436762524,79.5773073927674,3491054,72.1562599719168,3381572,74.49239584429964,18.06636085229,81.93363914771,599562,2803088,68.47633752490111,77.4532586918427,2340303,2033923,83.88950810822239,72.9071406565731,80.39515117133222,56.3692034755818,8.12707816926197
1986-09-01,1986,74.52243370964273,82.22901380979889,80.30236878475985,3521046,72.6175119552542,3414450,74.88456413185139,17.371406815153247,82.62859318484675,609350,2821692,69.02050259206179,78.39133399392988,2355109,2044253,84.72894499849089,73.54538579743019,81.15583081137838,56.62816813381003,8.14880813565268
1986-12-01,1986,75.20028182415938,82.8240754231618,80.9181270234112,3567227,73.0661379273032,3452600,75.49194809708625,16.854689219718473,83.14531078028153,621968,2844023,69.7767563764428,79.06782047824508,2392129,2066361,85.4221987348774,73.78912257658345,81.43261870172361,56.964657646218036,8.140543281324787
1987-03-01,1987,75.1058042440762,82.9140993421696,80.96202556764625,3629048,73.00429754580264,3513018,75.41552590963097,16.743979108561355,83.25602089143864,631292,2896213,69.67957812495145,79.1898593093809,2433708,2104470,85.3248086216482,73.78185879324882,81.39733600723841,56.94528151510123,8.20300107383866
1987-06-01,1987,74.7439040904308,82.57768066846333,80.6192365239552,3718850,72.43010608118101,3589595,75.0381867592305,17.097193415970324,82.90280658402968,643205,2960523,69.25674956755951,78.79249713648568,2497419,2150913,84.88418638968662,73.10687553830574,80.57179169783345,56.59477092872367,8.119020244602671
1987-09-01,1987,74.38359234501898,82.2384622313968,80.27474475980235,3805432,72.04025719024804,3668071,74.73800261772469,17.369701949607844,82.63029805039216,654259,3031289,68.85466875642672,78.40489639885871,2557565,2202853,84.43836243271794,72.72749666186392,80.08022432156547,56.34856965385041,8.145523129703477
1987-12-01,1987,74.4100639773551,82.31603002588639,80.33953851375357,3891534,72.22529727351733,3756987,74.81186386857341,17.239479401978233,82.76052059802177,678890,3098384,68.80302764279702,78.44127777576956,2606665,2252849,84.7410101609118,73.23867854135456,80.65057418141708,56.559220450144004,8.127830303342515
1988-03-01,1988,74.1546587387752,82.4343244494772,80.36440802180171,3967336,72.050186825618,3833695,74.5618261233614,17.11304629084995,82.88695370915005,685751,3168994,68.56188430776454,78.63321924875844,2649414,2291419,84.61966144122921,73.18565539398523,80.65652805104804,56.4000616391313,8.159489871076746
1988-06-01,1988,74.4046024147461,82.61081538966147,80.55926214593262,4049939,72.1999516535928,3909656,74.79056980972238,16.960648200250866,83.03935179974913,703168,3226769,68.82692873273544,78.82141547783557,2714636,2343438,84.75500525296594,73.16564725436486,80.62631929334589,56.48781699676206,8.103263386196634
1988-09-01,1988,74.22517681905494,82.54392017501489,80.4642343360249,4139294,71.9097991106696,3988970,74.61971386097163,17.01732527444428,82.98267472555573,715854,3294319,68.62431962417726,78.75072207639879,2766393,2383841,84.83913146891928,73.10711095639701,80.47995969694715,56.315126990832916,8.07614890364067
1988-12-01,1988,74.01218631999413,81.97912037848427,79.98738686386174,4237819,71.64834080927005,4075040,74.51036063449683,17.46908005810986,82.53091994189015,732873,3369596,68.35994582139817,78.05965462921965,2840268,2446893,84.25513498138251,72.58586161587569,79.83881461240688,56.18380933313152,8.084286622032858
1989-03-01,1989,73.89700043232776,82.24843539099271,80.16057665132647,4305304,71.54259025611199,4145056,74.30842912616862,17.293638493665707,82.70636150633429,746162,3421972,68.20523370734769,78.37770151246123,2856684,2457685,84.761472686695,72.92266137941753,80.28075546388702,56.06443068535599,8.03770870404725
1989-06-01,1989,73.99578934369096,82.05894681344988,80.04315744601014,4333710,71.89622748176505,4189574,74.36970918761669,17.52638812442506,82.47361187557495,761012,3449733,68.25925368716942,78.10114579881979,2879528,2490476,84.45068332318802,73.04058165088168,80.47722541937064,56.21567455763932,8.098025885623477
1989-09-01,1989,74.1219050598117,82.03958357844398,80.06016394878591,4377215,72.1079270723508,4238272,74.47183663530798,17.573105265542182,82.42689473445782,776169,3482112,68.35363135935891,78.03617459748567,2909157,2520839,84.37837561224656,73.1154420335513,80.57673898475362,56.30045636932649,8.138143360793977
1989-12-01,1989,74.81533374119186,82.73041405406563,80.7516439758472,4410957,72.80340751451442,4270505,75.19782789154912,16.84662586743254,83.15337413256746,790975,3501363,69.1259946483698,78.82913025584608,2926609,2535114,85.3565954035992,73.93837031185238,81.54124774421541,56.813904844365034,8.210392082175925
1990-03-01,1990,74.71091880221478,82.59522107779317,80.62414550889856,4500210,72.77262616633446,4360320,75.1073545060913,16.96650704535447,83.03349295464552,809027,3574430,68.98705527874374,78.65586960718213,2972743,2579990,85.11063996372079,73.86598841541297,81.42585333493032,56.77905376247891,8.185604541601673
1990-06-01,1990,74.73509447281829,82.59890060174854,80.63294906951597,4586655,72.75264871676636,4438334,75.18390909742259,16.905059420944887,83.09494057905512,832352,3632636,68.94610415136556,78.61175741252357,3027818,2624787,85.03707157952245,73.71783905109224,81.26995755253866,56.89634211944656,8.226961794226977
1990-09-01,1990,75.2029241217763,83.2012965395159,81.20170343508099,4612776,73.16277660133507,4456038,75.73622576827218,16.20868134427938,83.79131865572062,846414,3641224,69.43876564583778,79.29638495187332,3030562,2618103,86.18369865509493,74.45411115166098,82.25224023254238,57.0942624143375,8.354204068761431
1990-12-01,1990,75.42270301256202,83.37834335054167,81.38943326604675,4610484,73.39901841108222,4455506,75.95209163672992,16.036427736827196,83.96357226317281,857051,3629728,69.61951418949299,79.45363950136209,3019449,2602552,86.66243748443836,74.69690662104244,82.7300947782986,57.09131472404417,8.426546799171446
1991-03-01,1991,75.1433764851924,82.84551782230892,80.91998248802979,4631357,73.19383930023102,4478231,75.69658644228045,16.5445686030935,83.4554313969065,873581,3637619,69.17401190174122,78.72583687296553,3038292,2617911,85.52846143356287,73.69466134262277,81.77514218054482,56.752514744927694,8.471069572084444
1991-06-01,1991,75.27277626695614,83.01922067936283,81.08260957626116,4673118,73.4043736965341,4521631,75.86362089254962,16.32912990909696,83.67087009090304,889683,3667440,69.27420762166525,78.89985930240168,3062666,2641458,85.6871091647113,73.9025737706952,82.08256601923368,56.84444636672753,8.467408435939337
1991-09-01,1991,75.47669450083242,83.16231477094409,81.24090970341616,4717976,73.60630914612537,4561623,76.12921979742737,16.11871476445993,83.88128523554008,902801,3698259,69.490184435433,79.05198094562874,3088006,2660630,86.05957987393963,74.14904634252653,82.43705054749768,56.94691125310236,8.49003432988668
1991-12-01,1991,75.86326392510635,83.67664616458845,81.72330060471792,4758363,73.97905540203637,4593768,76.62972966854225,15.477947514981166,84.52205248501883,918263,3721917,69.9083026300694,79.64938498091172,3111297,2677266,86.62224821889195,74.53830347922425,82.96012554691572,57.18385833211906,8.552971538449418
1992-03-01,1992,75.78549723922704,83.76089741389313,81.7670473702266,4878920,73.75947955695113,4698487,76.59201781339397,15.347706612788329,84.65229338721167,933474,3815015,69.86059032533292,79.78744513455386,3189072,2738880,86.54961152003739,74.33165510217393,82.61527502063213,57.26074434738333,8.47620411475488
1992-06-01,1992,75.743995284885,83.93422795898232,81.88666979045799,4957704,73.72162597847714,4768067,76.65370474030671,15.057695288258323,84.94230471174167,950925,3874408,69.79066221213667,79.99108508964466,3232345,2776438,86.74204142141838,74.50748605114862,82.7946764466144,57.32874314389077,8.492603370238054
1992-09-01,1992,75.81598747639603,84.19279071229025,82.0985899033167,4996682,73.87690471396819,4804569,76.83090824588012,14.68015133095185,85.31984866904816,962673,3906213,69.85591927526738,80.29715737467465,3249779,2794050,87.04554320788819,74.83881211614697,83.23830782378407,57.43572428815933,8.548187334681812
1992-12-01,1992,75.50758146883967,83.96399513991324,81.84989172214485,5090055,73.47443200515515,4882293,76.60107658430168,14.820044597896931,85.17995540210308,973825,3979173,69.51353962242908,80.03949564394411,3320858,2851449,86.65787113849835,74.40863174516947,82.68362184984738,57.25288523303228,8.528789870776096
1993-03-01,1993,75.66629028735491,84.12229003867812,82.00829010084732,5095950,73.56186775772917,4873503,76.9195381638218,14.484406801432153,85.51559319856784,982073,3972149,69.65003075161582,80.19668949981484,3292352,2816139,87.34927501803,74.7148846781875,83.1638812698475,57.266622924974854,8.677429974465342
1993-06-01,1993,75.45382570101532,83.97527647525713,81.84491378169668,5194989,73.21530420949881,4954017,76.77662389935278,14.552533832645306,85.44746616735469,990872,4049995,69.44835734365104,80.05466673415646,3379162,2884986,86.82118388096164,74.12426512845492,82.41822929622771,57.07347428013056,8.617230649926233
1993-09-01,1993,75.49505870863625,83.82575743416808,81.74308275278513,5229366,73.3817636784268,4990455,76.89481219648309,14.620029636576223,85.37997036342378,1000654,4082329,69.4884464235979,79.8611527880286,3412731,2921035,86.5312808644881,74.06411463429143,82.40184415687722,57.12854619246839,8.650802559543996
1993-12-01,1993,75.02418202691928,83.50410916188054,81.38412737814022,5366726,72.53645891368406,5088550,76.5018128936534,14.851244460602725,85.14875553939727,1008498,4180273,68.9987232891249,79.5244473267655,3522454,2989319,85.99584052421304,72.98008717785953,81.16411778709389,56.53971675189866,8.570847609268089
1994-03-01,1994,74.52598247472125,83.0915247685013,80.9501391950563,5412214,72.37895619057191,5147316,76.10381798980283,15.149293340451607,84.8507066595484,1020362,4235931,68.38973533799299,79.01856758289972,3547987,3025220,85.33012475125776,72.75742554862799,81.14773912882201,56.31363093815081,8.662512019806138
1994-06-01,1994,74.51230392014257,82.9810255044611,80.86384510838147,5526480,72.29945643519926,5248897,76.12294544930106,15.225274948241507,84.7747250517585,1030726,4331630,68.4474204860526,78.93130299679335,3634947,3095597,85.2769918048118,72.62367236716244,80.98337250335229,56.2904036323488,8.640789651823832
1994-09-01,1994,74.29563793953767,82.70440789956928,80.60221540956138,5612269,71.90979263467236,5315757,75.92090834851932,15.48637381279844,84.51362618720155,1041063,4390980,68.20135823893527,78.60377410054248,3698758,3138918,84.95475192407065,72.09609279655496,80.34179896985488,56.00693159800062,8.687562119735626
1994-12-01,1994,74.04413947990244,82.4662356736499,80.36071162521304,5717031,71.57799214312465,5410677,75.63075748191955,15.766677626478165,84.23332237352183,1050107,4476510,67.95537148358878,78.35313670694357,3768292,3195133,84.7582870572211,71.86651140622861,79.99120969225947,55.81458280736111,8.67898829473976
1995-03-01,1995,74.29597130332984,82.6861855535367,80.58863199098498,5765009,71.78620189491465,5451977,75.90789542949283,15.519856375036065,84.48014362496393,1061504,4508759,68.24443266983221,78.60996784259261,3797446,3220768,85.12376551182824,72.19691866586122,80.27017309839749,55.910753679338974,8.75198816094319
1995-06-01,1995,74.07183176843847,82.44152326008856,80.34910038717604,5830070,71.64473153838634,5517460,75.7040014789414,15.741881227956343,84.25811877204366,1069825,4569212,68.00106889327962,78.330421087925,3843054,3270277,84.65879190050262,72.04106421611561,79.98639243523405,55.834251219094874,8.803669582513475
1995-09-01,1995,73.5684611022165,82.00663124614199,79.89708871016062,5939329,71.11559235058371,5615597,75.21531548649236,16.15762313428118,83.84237686571882,1075977,4665327,67.4724837080016,77.85677188329993,3928410,3344680,83.83355059377878,71.37656201873023,79.14752169669174,55.49962538509387,8.761928613719867
1995-12-01,1995,73.43407081046347,82.05032768862219,79.89626346908251,6008047,71.06299268298001,5680094,75.16597436591718,16.014558913989802,83.9854410860102,1084385,4729671,67.34322535330682,77.93495572947886,3966289,3382670,83.87977544365842,71.53729846715657,79.33030276003232,55.46974562117504,8.797626603143959
1996-03-01,1996,73.05835894420174,81.91169469566574,79.69836075779973,6112563,70.64807348406879,5771383,74.82449180724967,16.108149467813867,83.89185053218613,1093414,4817488,66.94347759662297,77.80623428641648,4042339,3450133,83.40342241878791,71.18475219421231,78.79768135880612,55.22077271088173,8.743916442675818
1996-06-01,1996,72.86919385243976,81.95382476934536,79.68266704011897,6240042,70.37728271700735,5885040,74.62263637970175,16.074130337261938,83.92586966273807,1102837,4923814,66.79242960842956,77.91183826196522,4119160,3509774,83.54532229140679,71.1856786335078,78.75697155511507,55.12040249848285,8.671502723341284
1996-09-01,1996,72.96093299273213,81.92645915626689,79.6850776153832,6320173,70.49376654721318,5962783,74.71893577210507,16.09951259336454,83.90048740663546,1112882,4993575,66.93493138683208,77.89853962341608,4175654,3562235,83.63757584774727,71.35090694774998,78.9037516641503,55.23066557659731,8.661452267420707
1996-12-01,1996,72.6462079847215,81.59800530664312,79.36005597616271,6437281,70.19984058486806,6075190,74.38386289153097,16.450218017872693,83.54978198212731,1124441,5096064,66.61062341446261,77.53762511616809,4238331,3614134,83.71687380711396,71.38753438558716,78.97966801621547,55.04139833398152,8.604692773412497
1997-03-01,1997,72.51010338987088,81.58950115069561,79.31965171048944,6557411,70.09728382131301,6195058,74.19731986367198,16.512016513808266,83.48798348619174,1135827,5203382,66.50943559400406,77.5707414908227,4339035,3714429,83.19908658908274,71.22254141761935,78.58278592626667,55.04903622177378,8.574865717758788
1997-06-01,1997,72.58743433107254,81.53789243788394,79.3002779111811,6648271,70.15837651624008,6281228,74.25807501335726,16.58546704561592,83.41453295438409,1148414,5277380,66.62216857607373,77.52034153310923,4413252,3775103,83.17714774934618,71.14986862295649,78.54809659844206,55.03733586538109,8.563053853488691
1997-09-01,1997,72.24316671608968,81.20690240759382,78.96596848471778,6799968,69.75500472943402,6418384,73.90206008241327,16.928373247845563,83.07162675215443,1160346,5405421,66.28479076837863,77.17271235672484,4525014,3870539,82.64463941585397,70.69133929751378,77.92922866509726,54.84279856421629,8.525130550755671
1997-12-01,1997,72.38399099029297,81.2902876188335,79.06371346169837,6922720,70.04009984514757,6546411,74.06623262731289,16.820483773475267,83.17951622652473,1176162,5522391,66.50231756498226,77.3054823535675,4615077,3965543,82.64000667752184,71.00910775703201,78.21842084535683,55.12686382368062,8.511506005234043
1998-03-01,1998,72.96849836497393,82.07606636640664,79.79917436604846,7000935,70.65316275611758,6621971,74.69652162475492,15.980227035122926,84.01977296487708,1189811,5588980,67.21389233813683,78.26032657121694,4652269,4006456,83.72683988043298,72.1041496095776,79.32835926784279,55.612474176094445,8.507646686810483
1998-06-01,1998,72.83514610078316,81.95550223342694,79.675413200266,7128722,70.59823626170301,6747195,74.59028529633426,16.06958150757463,83.93041849242537,1207271,5702514,67.08411412931208,78.13532768179087,4722731,4075576,83.8515831872599,72.36141546067307,79.57677622584913,55.63207138588717,8.494583647543458
1998-09-01,1998,72.68767626296322,81.85149747291639,79.5605421704281,7268556,70.43304062044785,6875066,74.46423059793172,16.147975888522378,83.85202411147762,1226520,5816579,66.9284299241874,78.02459143080495,4809715,4150990,83.81183765800448,72.33320477408745,79.49418786517921,55.58102078914841,8.473799549768398
1998-12-01,1998,72.89735806664434,82.25580571193247,79.91619380061044,7359772,70.71153834656835,6965709,74.71182043349786,15.69679410954434,84.30320589045566,1244816,5894274,67.17353146460447,78.50839645391443,4853119,4194494,84.37222701951654,72.92192917585578,80.15508328546812,55.808249489365274,8.507790591023703
1999-03-01,1999,72.85349240890744,82.2431560188839,79.89574011638979,7494463,70.65197333017723,7091876,74.66269855818122,15.714459756487564,84.28554024351243,1257348,6010644,67.1747985739964,78.52865682945122,4954705,4284810,84.21768993257578,72.83113727255206,79.98987427296149,55.81870710671532,8.492635811648315
1999-06-01,1999,73.0904186964071,82.51742855429761,80.16067608982499,7545300,70.9249068956834,7142168,74.92818707148865,15.407772541894841,84.59222745810516,1279077,6042672,67.39435799262313,78.81682143263775,4989383,4316312,84.40379194089769,73.01766571137152,80.247597779933,55.93202783736966,8.568365040534674
1999-09-01,1999,73.30306157049247,82.7451086792192,80.38459690203752,7635834,71.1180337341016,7228814,75.12235063732446,15.201262613756558,84.79873738624345,1293913,6114311,67.6534445172972,79.09362150535031,5039378,4354380,84.85506547430404,73.32079474887576,80.63989663879669,56.00791305907432,8.577011802240357
1999-12-01,1999,73.60255087472966,83.03980297115143,80.68048994704598,7789789,71.41131807292855,7378995,75.38683790949851,14.94713033414442,85.05286966585558,1318965,6238913,68.02188137581018,79.45425749645811,5146249,4449051,85.20097881548222,73.65821202977159,80.97982850533715,56.234238809693885,8.524755620046465
2000-03-01,2000,74.12766518579149,83.40672463023084,81.08695976912101,8008762,71.87564070451837,7585623,75.88498663853977,14.615978147081657,85.38402185291834,1342341,6423112,68.72070734559821,79.93896105190132,5324204,4607920,85.62928609871699,74.1092753019982,81.33460998550883,56.678941436263244,8.457273256378972
2000-06-01,2000,73.74433355022748,83.2900244416014,80.90360171875793,8105761,71.54531203177592,7683849,75.47378924286514,14.756653859283285,85.24334614071671,1362140,6501911,68.24381324198377,79.78931117328429,5350862,4630271,85.68355934242294,74.14470789940013,81.43260410908827,56.373007797144375,8.469746745422244
2000-09-01,2000,73.71757117198635,83.19860642037764,80.82834760827983,8241855,71.72483621708948,7836208,75.43772447081548,14.860006268337951,85.13999373166205,1378227,6640834,68.26296215204295,79.7116747685607,5425782,4721439,85.79988007893357,74.66184597906809,81.93361841968208,56.61040315538139,8.493460907414432
2000-12-01,2000,73.81230521143175,83.51981896360235,81.0929405255597,8288888,71.79996882573393,7871893,75.60340314585069,14.453524711273387,85.54647528872661,1396530,6666379,68.32628327912349,80.06740990873756,5409482,4698124,86.66457079464058,75.26800163120978,82.6873239654004,56.674346193501414,8.62111243594826
2001-03-01,2001,73.43640614194008,83.25525491306111,80.80054272028086,8437783,71.7949845356298,8052059,75.23423511924094,14.706536551706836,85.29346344829317,1416290,6832895,67.93043065933254,79.78448373639577,5378838,4718594,85.99476878070035,75.43904464124036,82.68975061292703,56.72503219041557,8.640093877748615
2001-06-01,2001,72.97614758945952,82.96271729224361,80.46607486654759,8471411,71.40239093581931,8086118,74.80462194590778,14.958587050052943,85.04141294994706,1436909,6851813,67.30891517325415,79.38979070211052,5353341,4705441,85.62355791943837,75.26077640112969,82.42344568916013,56.36163116540221,8.76833493817523
2001-09-01,2001,72.85051972410835,83.06133898937945,80.50863417306168,8443761,71.4456745045247,8076138,74.69785682215931,14.832398852025559,85.16760114797444,1460359,6820573,67.03752016142926,79.43458709407552,5284033,4665577,85.52605604837301,75.51587963209163,82.64184909056944,56.282172242776696,8.934818703770514
2001-12-01,2001,73.74400507403703,84.00109774839606,81.43682457980631,8345074,72.44963915239099,7993522,75.63594620744148,13.84381002516788,86.15618997483212,1486643,6711957,67.92851920833223,80.45747313339463,5239821,4608191,86.32992859887969,75.92335692383385,83.67039871991008,56.69299253639323,9.090540831353618
2002-03-01,2002,72.80287605874001,83.11669880895198,80.53824312139899,8483216,71.53819966390105,8128537,74.65968353222726,14.763443901405628,85.23655609859438,1515025,6820827,66.76191904588696,79.3666222585619,5301281,4667996,84.43227029329074,74.34608729475008,81.84839762759171,56.05308766084665,9.009185748069692
2002-06-01,2002,72.65248720616803,82.88558768761624,80.32731256725418,8601102,71.35443807084255,8238575,74.49429057816431,15.013190994801892,84.98680900519811,1541928,6905502,66.54606717947514,79.06411438299489,5370715,4724814,84.22640552622812,74.09704294493378,81.57327908699543,55.95950958742309,8.957115113723596
2002-09-01,2002,72.63581579012786,82.92109200938884,80.3497729545736,8649755,71.27705929243082,8280272,74.45759028205836,14.99916910942056,85.00083089057944,1567697,6920252,66.43680027837136,79.0520778723087,5393476,4729129,84.20087504485498,73.82934493450976,81.41527131315382,55.78569423716189,8.907627412945399
2002-12-01,2002,72.18171504678182,82.46231979220808,79.89216860585151,8772295,70.70181748333817,8382496,73.98956110447294,15.47234857016335,84.52765142983665,1594472,6997970,65.84338029457113,78.46639811259551,5470343,4781064,83.41584634717293,72.90520905179072,80.39168968156493,55.39002714232538,8.858479100981025
2003-03-01,2003,72.32855160153973,82.5153596389225,79.96865762957681,8802195,70.68560739679137,8383552,74.21538030658127,15.332069270877069,84.66793072912293,1618449,6983804,65.915881946286,78.46341334894278,5451120,4735680,83.34756571389958,72.4084958687389,79.97115662423094,55.326324194954644,8.920303099958696
2003-06-01,2003,72.40149857008552,82.63159747016277,80.07407274514347,8919705,70.80685964390078,8500055,74.30261333603136,15.198666361570602,84.8013336384294,1641128,7082121,66.00614420453985,78.60684673419163,5530262,4820712,83.12699451865201,72.46153979684868,79.87201146144598,55.51331837863033,8.855532769864313
2003-09-01,2003,72.33698142135897,82.56504671070434,80.008030388368,9068405,70.6008278192251,8623242,74.24549838680163,15.256582153208734,84.74341784679126,1659487,7191268,65.95334786577277,78.54168416473979,5646556,4896327,83.04957981768783,72.01520714573627,79.51500368499897,55.35796041277953,8.76136655553345
2003-12-01,2003,72.58087087031836,82.79574784334125,80.24202860008552,9209161,70.68141169429006,8729175,74.56792881343311,14.937539916429674,85.06246008357033,1683626,7284529,66.24366517039056,78.81944048819079,5741689,4964756,83.442811691047865,72.15180062870002,79.57974260060294,55.470998538735444,8.823517130082202
2004-03-01,2004,72.10195158718349,82.52032242925232,79.91572971873511,9336936,70.16052161008707,8842528,74.08337299016752,15.211950700071291,84.7880492999287,1701451,7384077,65.6736380186718,78.4926267697371,5803860,4996633,82.39446443234874,70.93467106374034,78.44734825814051,54.97516617147829,8.791756028279279
2004-06-01,2004,72.15358687698394,82.5581376504834,79.95699995710854,9527503,70.09684489209818,9012503,74.10237755260664,15.212055962699818,84.78794403730018,1727007,7528914,65.76608525479239,78.55726602800883,5933098,5097352,82.51362668303072,70.89062071787791,78.33975981079298,54.97372842654051,8.738870635137266
2004-09-01,2004,72.3079780318909,82.5406489612905,79.9824812289406,9715486,70.12927608562248,9180950,74.21236364428518,15.28546610100262,84.71453389899737,1753769,7668981,65.97527103014077,78.54798440627249,6073850,5209596,82.61018704713379,70.85550351095269,78.2151458690606,55.052990948019385,8.748475688093706
2004-12-01,2004,72.15548721639051,82.41839754046181,79.85266995944399,9825637,69.96474630601558,9284405,74.04332318549223,15.425253422271002,84.574746577729,1767924,7759393,65.81130766285456,78.412551084859345,6137171,5252868,82.51111583234149,70.6221156294977,78.07698099938247,54.81775967694078,8.80661237319298
2005-03-01,2005,72.21921441045912,82.18239858628567,79.69160254232904,9982214,69.50076405895526,9372780,74.01982122699988,15.768587334814217,84.23141266518579,1785574,7820893,65.87663326937218,78.11449408654485,6258971,5284639,82.23367764571998,69.43238752823747,76.77485245705859,54.41320772134587,8.842085960870607
2005-06-01,2005,71.76331767359336,81.62137573425166,79.15686121908708,10142115,69.18800467160942,9546997,73.50088200509542,16.402372389977707,83.59762761002229,1802335,7975818,65.3825350578461,77.46826720469299,6366240,5389629,81.59320428177895,69.07642501696449,76.43176235502315,54.124606828524364,8.852155646809742
2005-09-01,2005,71.80906407735016,81.75413994415891,79.26787097745672,10305226,69.22908823154388,9721423,73.3865196484095,16.44993742171285,83.55006257828715,1820691,8114286,65.48355579283255,77.6601169837987,6479115,5486517,81.709926352183,69.19199612910097,76.54444449377011,54.12672405212033,8.786232103968748
2005-12-01,2005,71.15327357054142,81.07947618457406,78.5979255310659,10558719,68.39684814038522,9943656,72.62752251284638,17.240610495777407,82.7593895042226,1839190,8310492,64.76922184631186,76.89218640725483,6669130,5628606,80.75887706476523,68.15880032328054,75.28764122025764,53.537112717904556,8.642887685375294
2006-03-01,2006,71.2059930491358,81.31651787830246,78.7888866710108,10801672,68.42820259678317,10185783,72.56575169527959,17.130651615099204,82.8693483849008,1861637,8518655,64.91345171274104,77.23349519378353,6808220,5743029,80.44465734022934,67.85855921224638,74.94569634401346,53.5767420057549,8.573428338419268
2006-06-01,2006,70.86686875635777,80.88825477741953,78.3829082721541,10930613,68.06195590311357,10314543,72.12718004084137,17.673211503408343,82.32678849659166,1883173,8614806,64.49844604742115,76.71047960917518,6863177,5779682,80.41672534924932,67.72127543847405,74.8163969765865,53.242283521662074,8.608607806265246
2006-09-01,2006,70.83651099951925,80.74383887014802,78.26700690249083,11036888,67.94006607659695,10407808,72.04657311126415,17.87685745163631,82.12314254836369,1905965,8679634,64.43248643894431,76.51536919644307,6970216,5859431,79.85126883480666,67.12604028340012,74.14098549769281,53.08636713659582,8.639049936647954
2006-12-01,2006,71.6167427097798,81.4949283487694,79.02538193902201,11076997,68.9317962259988,10492973,72.76844227084163,17.194516749447462,82.80548325055254,1930679,8731036,65.3404017575921,77.4029336266624,6998437,5919231,80.72497930896766,68.2766451994924,75.43276018219554,53.74330449853658,8.670491832932875
2007-03-01,2007,72.75518881749437,82.22281747817499,79.85591031300484,11162830,70.02678532236001,10581735,73.87229976936675,16.51470198412642,83.48529801587358,1959261,8784950,66.6789224753698,78.25806635211356,7003931,5916226,82.14510399028029,69.38803366281022,76.71679417570596,54.50411944457886,8.707227494777221
2007-06-01,2007,72.11180465155728,81.2770147731397,78.98571224274409,11307808,69.47608236715728,10714249,73.32498992696549,17.355607471881605,82.6443925281184,1976124,8918378,65.93237021350744,77.12839711436317,7067216,5980231,81.569775481917,69.02379947068266,76.29675092206395,54.138381953133035,8.708418473456542
2007-09-01,2007,72.73243397009263,81.82559916811786,79.55230786861156,11231892,70.29434577896582,10661752,74.05335445806655,16.688336025823897,83.3116639741761,2000262,8855122,66.57302971094018,77.72022790877415,6984789,5932597,82.43440435950731,70.0164457365856,77.5149724089233,54.58219934175487,8.88954456538511
2007-12-01,2007,73.30605432940328,82.28717683414108,80.04189620795663,11256697,70.97016114051928,10689328,74.73712098646426,16.106428767084328,83.89357123291568,2029775,8868228,67.19629896750511,78.23303595712694,6985319,5939906,83.30938233702689,70.84141755015054,78.56504960387235,54.9849506935703,9.077618025607807
2008-03-01,2008,73.48672686315372,82.27618759873182,80.0788224148373,11276587,71.54483887722411,10729355,75.19385834470012,15.812497582566706,84.1875024174333,2063148,8915455,67.35122324098994,78.1746753250395,6964118,5983632,82.95608754014285,71.27660674330906,79.02086023723831,55.35726905961719,9.2935021791418
2008-06-01,2008,73.33292786234787,82.12907541523957,79.93003852701663,11284784,71.47939207343269,10718591,75.25518046168568,15.718101381049058,84.28189861895095,2086698,8912856,67.08957263530343,77.94509414266314,6936585,5962998,82.9469840506403,71.30492886629372,79.16047557803589,55.18095009282457,9.475315808059408
2008-09-01,2008,73.00511453412393,81.64822844142557,79.48744996460016,11345559,71.26356665193843,10769661,75.07432220939916,16.037589298307534,83.96241070169246,2115590,8959319,66.63073387609036,77.31477135706407,6916449,5955072,83.03054942072909,71.48941602836948,79.42097318190565,54.96055877627387,9.521301197389382
2008-12-01,2008,74.03658817022202,82.78181966240076,80.59551178935608,11050047,72.89884830354116,10554596,76.32084638767793,14.664104623237119,85.33589537676288,2147999,8732239,67.64998072086667,78.54640717002822,6591035,5742974,85.44127136915473,74.44763986232815,82.98747256791387,55.89471221292867,9.814718108154354
2009-03-01,2009,72.61444697593559,81.18818309564598,79.04474906571839,10830166,71.46137002886198,10331663,74.90938293283472,16.24591317002887,83.75408682997113,2144382,8513807,65.71681740025349,76.45002993373,6442561,5619311,81.84021137110938,71.38242074851911,79.4098998357533,54.646828809301375,9.967088556291872
2009-06-01,2009,72.78008864630935,81.22897867541197,79.11675616813632,10871692,71.47245341387523,10340455,75.14432391998224,16.132326865694015,83.86767313430599,2175653,8500708,65.81348282990075,76.42476367850772,6499943,5652607,81.5831703849215,70.94794523582745,78.85815478891877,54.765091144469615,9.944261328692532
2009-09-01,2009,72.13380980535666,80.83151412951143,78.65708804847274,10956538,70.77485607223741,10394234,74.60361196409471,16.400881488717687,83.59911851128231,2187376,8562748,65.01531984825432,75.93487511252229,6559705,5704005,80.51651427374274,70.01330090301317,77.70457559777064,54.365319486097555,9.929337116659063
2009-12-01,2009,71.31293954165548,80.46528334198175,78.17719739190018,11186223,69.77010917804874,10572167,73.82251907295827,16.703056241922777,83.29694375807722,2213202,8731011,64.0411287994025,75.51347719067128,6712504,5801237,79.75514532504016,68.92785464261921,76.56124265647259,53.71086229627039,9.794698049479724
2010-03-01,2010,70.37101938731621,79.93945174749422,77.54734365744972,11304388,68.77527558325139,10643167,73.04803166200436,17.019539390859883,82.98046060914012,2212673,8835375,62.950933039061724,74.91562044621762,6741330,5811258,78.75616604872818,67.89052011991699,75.4289259110442,53.060022215991964,9.779001656235232
2010-06-01,2010,70.49305184548015,80.31685767551824,77.86090621800871,11494798,68.884794669728,10803676,73.29142414119046,16.494793068581473,83.50520693141853,2242425,8990126,63.13307510929213,75.40725235664105,6859706,5913278,79.22778195105997,68.29678997904576,75.86333145764935,53.264622217683815,9.713295362746377
2010-09-01,2010,69.65166110486483,79.49319115855694,77.03280864513391,11750882,67.99686185258264,11029099,72.44681546516175,17.316709189028042,82.68329081097195,2251161,9220541,62.2422263509267,74.48652958649606,7104752,6137058,77.3568540496114,66.82055897236103,73.99094297935956,52.78897776868697,9.558704171787678
2010-12-01,2010,69.62498794364677,79.52469206019397,77.04976603105716,11851597,67.9136659810488,11101971,72.49932466946635,17.19228054189657,82.80771945810343,2255284,9305011,62.26290328942115,74.56202899706406,7159325,6174663,77.63856910085619,66.96050256134482,74.14082816717999,52.73196704680363,9.511672425096679
2011-03-01,2011,70.35501252683261,80.51728880128437,77.97671973267143,11908570,68.67053726853854,11134323,73.4456778377994,15.945621480533662,84.05437851946634,2265337,9358112,63.178790764632865,75.80106970294862,7121272,6125593,79.75791078512725,68.60635290998574,76.21062178097479,53.24374776473934,9.520164370643379
2011-06-01,2011,69.62810383220976,79.9006875412707,77.33254161400546,12082223,67.98503884591436,11295757,72.71849066866434,16.552985337768863,83.44701466223114,2280567,9516543,62.349710393784804,75.08404049663832,7263677,6258877,78.4106318114256,67.56392113801316,74.9943841601225,52.745525901680864,9.434105593228109
2011-09-01,2011,69.53244805329953,80.02773810009772,77.40391558839818,12186541,68.06962697618627,11420101,72.63800031190617,16.397954799173842,83.60204520082615,2286422,9643739,62.308934325161644,75.29253954301335,7344738,6369385,78.11711805770886,67.74346477709621,75.09442305907318,52.8355635372942,9.384748032885776
2011-12-01,2011,68.61898582032434,79.1682489195691,76.5309331447579,12317800,66.9676078520515,11495735,71.75649055932483,17.211896412017154,82.78810358798285,2277178,9744183,61.2853637908894,74.29994900547332,7464261,6442350,76.72770029569955,66.223126442122,73.35245249554482,51.998578900402755,9.324926001205766
2012-03-01,2012,68.4880390386437,78.98808552362274,76.36307390237798,12678719,66.76006464059974,11832055,71.53720127230646,17.495278715320374,82.50472128467963,2302541,10056290,61.27289487475003,74.17708717628469,7694206,6634613,76.59640434189605,66.04807565588963,73.07317951352657,52.008679172198725,9.111471804549161
2012-06-01,2012,68.53738600433618,79.07437248085918,76.44012586172843,12753900,66.74123993445143,11887197,71.6073856603874,17.38364393220706,82.61635606779294,2303281,10116380,61.37402904991706,74.3100595272222,7769677,6694399,77.01096095407519,66.35309292780124,73.34879104600351,51.9675556226306,9.0907115066585
2012-09-01,2012,69.34646675984453,79.77804308151069,77.17014900109416,12677266,67.47721472437354,11799466,72.49706046019371,16.597429070095206,83.4025709299048,2315291,10020256,62.263628793515856,75.10553622582098,7748861,6666504,77.46601517077016,66.64560120513195,73.68879386400803,52.38602535688937,9.16841454833615
2012-12-01,2012,69.5094019089518,79.86398775919949,77.27534129663756,12960638,67.67248649333466,12075575,72.63245021458606,16.54773375180892,83.45226624819108,2338697,10279432,62.5724164525822,75.282797726567,7915116,6821230,78.12470771400466,67.32770562048617,74.38944942019803,52.68784868781168,9.041932405085069
2013-03-01,2013,69.29373299603459,79.91369661362306,77.25870570922594,12974881,67.36820938858708,12052057,72.52658197683598,16.357987686251402,83.6420123137486,2353995,10260342,62.248899695546214,75.30536506482922,7924653,6794463,77.90015193253683,66.79026829313536,73.97472846637326,52.305079177678316,9.077917465644095
2013-06-01,2013,69.39257208799224,80.11526029699606,77.4345882447451,13079149,67.49761777314411,12145692,72.68514630537314,16.083389896598728,83.91661010340127,2368724,10353263,62.38989582318154,75.56582885994493,7972046,6842621,78.15689338924368,67.08415882196364,74.27973870879164,52.39618649952649,9.058986613386423
2013-09-01,2013,69.3257404091532,79.99858439130118,77.33037339576418,13136210,67.40306374517459,12183278,72.67508793610389,16.136428964355897,83.8635710356441,2376621,10395270,62.31283073936512,75.42575613716623,8000612,6856634,78.16473797493056,66.98825039884449,74.22107937538448,52.24649949595763,9.097351104514855
2013-12-01,2013,69.34816267287586,79.72994508335887,77.13449948073811,13275390,67.42765372618055,12320186,72.65542906576248,16.467673458826027,83.53232654117397,2392938,10514807,62.37248101653221,75.11692796643818,8139677,6986971,77.66710352740837,66.66822282997225,73.78465442655333,52.24080009519885,9.062087659627466
2014-03-01,2014,70.24371108223859,80.63355565179731,78.03609450940763,13391701,68.1268272044007,12393169,73.61588468615251,15.495487877233014,84.50451212276698,2410505,10577620,63.46263148042755,76.22018941879175,8213464,7011415,79.23921205633955,67.64247094770245,74.92645641781628,52.6954083007963,9.030597254107539
2014-06-01,2014,69.2531067253943,79.63695575078135,77.04099349443459,13683529,67.10198078288137,12659412,72.53037502847684,16.594380528890284,83.40561947110972,2425847,10832647,62.36769277167436,75.0768856402318,8463114,7227088,77.393605834051,66.09037760805302,73.09479996597022,52.01412630480445,8.893921912749981
2014-09-01,2014,68.74661917715933,78.97275820828636,76.4162234505046,13911237,66.78217760217873,12913430,71.94236542885972,17.356124592768925,82.64387540723108,2446463,11067259,61.83793114446856,74.32460015619044,8652611,7436899,76.21391658001541,65.50568377568344,72.34685325539344,51.817026446897934,8.804233922110594
2014-12-01,2014,69.20538110360934,79.2583950759695,76.74514158287946,14046514,67.22757689203172,13045403,72.38665605041102,17.09820693159115,82.90179306840885,2469661,11175421,62.40006528613105,74.6746990560803,8759609,7534111,76.66210386334897,65.93682434912334,72.78403002793885,52.168210118238385,8.759729197544951
2015-03-01,2015,69.83266963772965,79.72465792863802,77.25166085591093,14123087,67.78690097993449,13120536,72.9665541102894,16.69753430804961,83.30246569195039,2492112,11217235,63.13045059678254,75.22012331916021,8821215,7581919,77.24996798303965,66.39708928985407,73.25262370493789,52.56481817221462,8.76707603843156
2015-06-01,2015,69.92406954626004,79.60702348025275,77.18628499675457,14257345,67.86706080269504,13234852,73.11030754253996,16.765514264912067,83.23448573508793,2512942,11324984,63.25041165621073,75.08195155066002,8907097,7654517,77.41372839070056,66.52725349235558,73.39229590128036,52.64134843974773,8.754965571637683
2015-09-01,2015,70.14661229693988,79.86396502356041,77.43462684190527,14307949,68.22781518161688,13310200,73.34225631470602,16.497701011254527,83.50229898874548,2531549,11385019,63.50847547992674,75.3865584238375,8930069,7702394,77.71248783170532,67.02884378608945,73.95463797795219,52.879695076706966,8.81004772605959
2015-12-01,2015,70.39939934991665,80.01753806541096,77.61300338653739,14318170,68.62955251963065,13351057,73.60088418467542,16.34358238452581,83.6564176154742,2549177,11409033,63.78558989179889,75.55275718809824,8950789,7746474,77.85431152289416,67.37913272226616,74.39724120405579,53.1242953317368,8.877748331245538
2016-03-01,2016,70.32172869233257,79.8469629129454,77.46565435779219,14399271,68.49246048636768,13412721,73.5303075341685,16.509849120100238,83.49015087989976,2565172,11459533,63.67836280937452,75.335783753142465,8991794,7776159,77.57295086173006,67.08556712931814,74.00809130476124,53.046372530041445,8.902885064449276
2016-06-01,2016,70.70623803429011,80.21794794091747,77.84002046426063,14402874,68.84848815590556,13405326,73.97180046199549,16.07719200562523,83.92280799437478,2580473,11443977,64.10086283815495,75.75734379752772,8988804,7766345,78.12657047813353,67.50151633075991,74.49664619053605,53.22566386477852,8.962796476921902
2016-09-01,2016,70.79099084291855,80.38009830223616,77.98282143740676,14526161,68.90742846647507,13519782,74.03672633182991,15.934509890765991,84.065490109234,2600250,11539408,64.20913447206304,75.95901800161673,9075120,7829943,78.28876915195934,67.5469415280459,74.60604322038468,53.24008237912268,8.942453757483692
2016-12-01,2016,70.76207477793076,80.34927655270869,77.9524761090142,14666376,69.00275159998625,13677823,73.98986666226051,15.985614084931498,84.0143859150685,2615536,11686197,64.21821401778526,75.95116700497177,9162189,7934414,78.25524355043737,67.76868497255404,74.81687377252621,53.30727614974957,8.929337460736713
2017-03-01,2017,70.12241783182729,79.77873898252874,77.36465869485338,14874208,68.80773752794099,13961487,73.30598810857325,16.59929203816184,83.40070796183817,2631078,11964263,63.5519964748351,75.33185286883112,9259954,8114363,77.63225529841344,68.02801612189434,75.05290573474097,53.20267203617609,8.900382933630816
2017-06-01,2017,70.40928804570174,80.07065292986725,77.65531170882588,14986044,69.04154959107287,14060661,73.58542390005705,16.317390768470986,83.68260923152901,2645303,12049629,63.91312130854817,75.69548406843066,9356197,8187385,77.85330725255989,68.12757362847319,75.1801881866562,53.31667691267566,8.893503171453261
2017-09-01,2017,70.79686938841546,80.40771898227383,78.00500658380923,15125563,69.3474153656297,14172138,74.01273541084626,15.939853252910746,84.06014674708925,2666025,12149866,64.38887474149921,76.10861716499589,9439411,8239843,78.48938383898819,68.51488932942956,75.64641086115284,53.51181817713397,8.874406190873849
2017-12-01,2017,70.72079972288405,80.40805932274954,77.98624442278316,15395798,69.30153279485741,14430593,73.93683682992099,15.935374242763274,84.06462575723673,2696798,12390028,64.34792560597926,76.14370201584694,9637999,8424834,78.19141599703923,68.34921854629783,75.42527278485463,53.529005712306436,8.822595807021884
2018-03-01,2018,70.48995704441096,80.10504826789156,77.70127546202141,15594067,69.21324629424768,14648130,73.68285235043653,16.26653368040835,83.73346631959164,2734963,12576665,64.07260589353378,75.77862652777982,9803033,8593551,77.65099666016994,68.07054510578511,75.18009822002954,53.41837649048201,8.814411235817033
2018-06-01,2018,70.3602864487778,79.91001406994283,77.52258216465157,15795283,69.01514838322302,14824274,73.53572930451772,16.48355258409282,83.51644741590718,2765347,12727964,63.92060034110719,75.54515396178053,9947253,8706556,77.34635830746394,67.6991326148033,74.75365564718231,53.25369561606628,8.810876298228644
2018-09-01,2018,70.2833530166319,79.82102400124535,77.43660625509199,16025086,68.97022580721251,15045900,73.45880273031192,16.572607820070584,83.42739217992941,2793210,12932474,63.86502690823117,75.46268409277297,10104297,8851048,77.22001959541966,67.64232088585678,74.69338666404384,53.237441883361534,8.796591813547392
2018-12-01,2018,70.20527241443227,79.85928169580937,77.4457793754651,16150728,68.87564449107185,15171214,73.32253041846222,16.594802498995797,83.40519750100421,2815978,13028869,63.765626932007685,75.50619320832837,10156552,8877588,77.50560174678077,67.74570740148822,74.92406192039196,53.13217025690387,8.830398703420286
2019-03-01,2019,70.50818766938154,80.04557482115169,77.66122803320916,16366974,69.28863576125923,15409441,73.59418813440409,16.45099260901158,83.54900739098842,2829444,13254437,64.21252747287569,75.7858745716623,10315564,9054652,77.83614433773931,68.32192597515754,75.47638107487407,53.46431126338664,8.831149948767772
2019-06-01,2019,70.52931570700477,80.02921127937213,77.65423738628029,16460193,69.26147828278806,15481504,73.63995771987011,16.441161013813645,83.55883898618636,2851178,13313126,64.21778776825218,75.7522087599862,10377357,9093152,77.90824347816907,68.26704526017559,75.45302017532994,53.35000359158507,8.878964519117178
2019-09-01,2019,70.3192615750882,79.95398981748096,77.54530775688278,16598460,69.0727031302904,15613986,73.42779095613382,16.511568538616597,83.4884314613834,2889206,13415011,63.926887573927445,75.63665806908395,10478504,9180034,77.38978962387286,67.79984051158448,74.98629182997288,53.182896387980676,8.90672804862413
2019-12-01,2019,70.53004218147021,80.12984167664156,77.72989180284873,16801940,69.20543103951091,15780129,73.68669166139263,16.283859276435575,83.71614072356442,2934740,13551646,64.1480378103147,75.82676672634453,10591475,9272927,77.60597058512377,67.94469136734969,75.05198164339065,53.35487897633708,8.915097508312599
2020-03-01,2020,71.70643625495488,81.33771701460697,78.92989682469396,16709707,70.55062066617924,15711129,75.03472220233186,14.886956882602135,85.113043117397865,2996200,13444168,65.4008637797445,77.17859520946183,10394207,9132930,79.49446672645033,69.8482722154754,77.21726289869636,54.19301661904184,9.041554959785524
2020-06-01,2020,71.24983788123842,80.45963318540285,78.15718435936174,15801956,69.98315904689268,14784791,74.79786491401873,15.533719752954235,84.46628024704576,2918913,12602116,64.59070048236343,75.9336765349565,9158043,8599470,79.06337251016632,74.24109059107934,76.56223290893044,55.893605363137844,10.03835527649516
2020-09-01,2020,68.41458904791997,78.52375954197346,75.99646691846009,17274190,67.02107595204174,16169840,71.59840790014002,17.821969790672018,82.17803020932799,2986164,13936174,61.646647063964615,73.92195304105704,10197421,9547245,74.82602572784086,70.05520317342983,72.16642083616314,54.40769950370503,9.421615181025992
2020-12-01,2020,70.07992866622226,79.86021668230764,77.41514467828628,17462760,68.70696842881652,16364905,73.316239843738785,16.451815638404256,83.54818436159574,3014402,14106239,63.68622423028562,75.55648957883103,10758702,9670859,77.23011988903984,69.42116251570124,74.59135533904099,54.04254278380601,9.094775371899829
2021-03-01,2021,69.12619593194184,78.83686993855757,76.40920143690363,17878356,67.67886264262776,16749655,72.23950582862751,17.612470226998706,82.38752977300129,3021166,14482861,62.68583258515013,74.42218081082184,11082458,9988615,75.5737707379852,68.11460959292604,72.84390420328432,53.38305806198856,8.98921826938179
2021-06-01,2021,68.09741205851257,78.23928220407215,75.70381466768225,18682902,66.44835475773517,17460503,71.10036291623443,18.31053206199157,81.68946793800843,3051953,15178521,61.68274234360515,73.86384351940482,11593938,10491038,74.09235387384928,67.04414841618095,71.02920592068362,53.18563573929389,8.937076941775638
2021-09-01,2021,68.57968745230275,78.66750917647866,76.14555374543468,19028072,66.82575092211128,17758794,71.60200180259989,17.865605063046512,82.13439493695348,3115165,15426261,62.23469834978158,74.35964554210511,11936349,10675464,74.76884377109978,66.8707072824362,71.50907592821392,53.0684866812232,8.856231798943226
2021-12-01,2021,69.16869730535024,79.00498421784505,76.54591248972135,19426444,67.16731585049739,18064443,72.23151580151129,17.496642437300725,82.50335756269928,3139032,15725312,63.01426006682729,74.8140323066404,12381553,10903995,75.4815918385876,66.47396332269466,71.78127339778713,52.650925995793,8.739288312604332
2022-03-01,2022,69.5600921787524,79.23713765176937,76.81787628351513,19556962,67.48199950483107,18154096,72.69670161488625,17.189894776363417,82.81010522363658,3162664,15810038,63.470846812638904,75.08370315112462,12677336,10951916,76.17531946008351,65.80765075564771,72.31735195440847,52.04949309298821,8.776386444649686
2022-06-01,2022,68.86490538778848,78.43229760674876,76.0404495520087,19935652,66.7764515552338,18470698,72.07264717337699,17.91430946464503,82.08569053535497,3189349,16141718,62.71310154222741,74.17085963216554,12994403,11202208,75.14210591340564,64.77846654440377,71.29433877599108,51.37703100717393,8.818358324229104
2022-09-01,2022,69.04641718350985,78.61554633139828,76.22326404442616,20342205,67.00632011131536,18853997,72.29534936279029,17.685252628394924,82.31474737160508,3248303,16492856,62.950043339977015,74.40383278675324,13266376,11466506,75.19970774009101,64.99724566829705,71.45425186483556,51.57488161064389,8.889636393184148
2022-12-01,2022,69.29987459494349,78.91058710970286,76.50790898101302,20393881,67.21895650955304,18863210,72.6734951262272,17.24792863992926,82.75207136007074,3288123,16493376,63.1794909665553,74.70619720304684,13200670,11396258,75.75475213004128,65.39976379986773,71.8916296932875,51.68202198078613,9.103430819200836
2023-03-01,2023,68.94464374478163,78.53027286532684,76.13386558519053,20781996,66.92730091950745,19208423,72.41005156956405,17.5225108276718,82.4774891723282,3344268,16829640,62.773541204684115,74.2639593003772,13442653,11649219,75.56350344173288,65.48229728164522,71.81477954333688,51.5513308979734,9.199648057490911
2023-06-01,2023,69.21515375425439,78.68840062041058,76.32008890387152,20991909,67.23386138916665,19392994,72.77716375305432,17.262068971918417,82.73793102808159,3396761,16994252,63.061969423543914,74.42870095135696,13530484,11744995,75.91883180878322,65.9005472383693,72.22373014632966,51.83312254136739,9.309286424818662
2023-09-01,2023,69.35128942347386,78.73830873843676,76.39155390969603,21312020,67.35892233584616,19686902,72.91927902114817,17.210757690570105,82.7892423094299,3464949,17234806,63.189559545956016,74.46377986500109,13746044,11940085,75.57880031842319,65.64923697319753,71.89229905157201,51.98342242842594,9.36890256874505
2023-12-01,2023,68.90258996277436,78.19006933650365,75.86819949307133,21726460,66.90212303338878,20062091,72.45238295449862,17.781655959989415,82.21834404001058,3519865,17575805,62.67478502407145,73.82224597962939,13995120,12149530,74.89246909139695,65.01611275930468,71.19604429341015,51.695573239411026,9.387887360801166
2024-03-01,2024,69.1890236113992,78.48353155002759,76.1599045653705,21995578,67.10789323199418,20264961,72.83887198203836,17.37631767463061,82.62368232536939,3586696,17747279,62.96217577917156,74.13508853948822,14195899,12306341,75.91361234017488,65.80906218056356,72.04062571522518,51.84959399070627,9.441512366836296
2024-06-01,2024,69.23837627866868,78.55267171391003,76.22409785509969,22297090,67.11897382124752,20544906,72.84325369996826,17.35750458045415,82.64249541954585,3639838,17974733,63.009225227434534,74.20964194572458,14324225,12398515,75.81657158135471,65.62399710979128,71.8607489285633,51.853767282766576,9.468835582264306
2024-09-01,2024,69.50876521807486,78.8375849142267,76.50537999018873,22456272,67.41252065347267,20701771,73.12581614394247,17.059917240896926,82.94008275910308,3689981,18089055,63.28886721832622,74.52067009581208,14369613,12434169,75.9219051952728,65.69597942547234,72.00035389037254,51.99090340980979,9.535006767801557
2024-12-01,2024,69.31453607231371,78.64788387272947,76.31454692262552,22819187,67.18822629395166,21022529,72.93036437243111,17.249408955506734,82.75059104449326,3746101,18373079,63.05805357937012,74.29438473540553,14621307,12647585,75.83034231436278,65.59404709852546,71.85346240730163,51.86668807846488,9.52280929919313
2025-03-01,2025,69.27325278818864,78.65292334921742,76.30800570896022,23094129,67.26222495769379,21308110,72.90006011795509,17.229195832009502,82.77080416799049,3785923,18637775,63.03167625963936,74.31665528744713,14769941,12813579,76.09738075521288,66.01785342270495,72.3137849942265,51.95948239961332,9.552145546258402
2025-06-01,2025,69.33021202703114,78.6660588672562,76.33209715719994,23219362,67.32890852039776,21429890,72.95111174159084,17.22545939339866,82.77454060660133,3823447,18725659,63.06798601854279,74.31004697885399,14974115,12899677,76.02074842649161,65.48921922931673,72.26587633115064,51.68922486643854,9.560349358988983
2025-09-01,2025,69.34398378533088,78.60314102374075,76.28835171413827,23564711,67.30301508896078,21758903,72.88860564340031,17.378941392403835,82.62105860759617,3854003,19017139,63.131252287738974,74.26686527347778,15299817,13147892,75.7715761583682,65.11427554983175,71.97480815067138,51.510401262978725,9.486874620689681
2025-12-01,2025,69.29635867972648,78.45669965982343,76.16661441479918,23795045,67.12260052460502,21937623,72.80575931129822,17.56998923721134,82.43001076278865,3876308,19172310,63.08861582146335,74.10101860443525,15525413,13275741,75.67428439587665,64.70888729336862,71.64599653919423,51.19193498449035,9.431200829232363
2026-03-01,2026,69.02292486696471,78.18680681653314,75.89583632914102,24133982,66.72702001683767,22203565,72.52838451843206,17.842328472927658,82.15767152707234,3910207,19421008,62.78603046762557,73.79495956131628,15744472,13443728,75.34788713368792,64.33727977667336,71.1021553020585,51.003274126596054,9.41494298735215
2026-06-01,2026,68.31561407141407,77.39324415223146,75.12383663202712,24686468,65.80856767359349,22632975,71.77938825982885,18.682722885524328,81.31727711447567,3936212,19844312,62.03086808955634,72.90908850858624,16192985,13777533,74.1889785348364,63.12246321478097,69.61165260789389,50.38219710739683,9.356795513569145
