year,nq,gdi,comp,prop,ucap,ni,rental,interest,bctp,cprof,ctax,cfc,A194RC,W151RC,W152RC,A439RC,A442RC,W321RC,A451RC,A2009C,ni_pretax,ni_exh,govnp,ni_bus,v1_tf,v2_labmax,v3_prop75,v4_pretax,v5_exhouse,cap_exhouse,cap_tf,v6_exh_labmax,v7_business,v7_labmax,v8_corp_tf,v8_corp_std,v8_corp_extax,v9_gross,govnp_share,prop_share,rental_share
1947,4,246750.5,132289.5,34578.75,21860,188728.25,6888.75,2271,715,23178.25,11193,29120.75,19747.75,2350.75,2789,117706.75,82136,11525,127503,12236.25,199921.25,181839.5,24887.5,163840.75,70.09522951651383,88.41720834056375,83.83671363455126,66.17080475437203,72.75069498101348,8.23322215470236,11.582791659436253,91.76677784529764,65.55267843927716,86.65777591960486,86.46918714058243,69.78019527342315,77.35415925994816,53.61265731984332,13.18695001940621,18.321978824049925,3.6500894805096746
1948,4,274722,144226.75,39279,28448.5,211954.25,7484.25,2379.25,707.25,30131.75,12254,31327.5,20161.5,2364.25,3239.75,134575.75,91111,12749,146063.75,13668.25,224208.25,204470,25765.5,186188.75,68.0461703410052,86.57799973343305,81.94504238532608,64.32713782833594,70.53687582530445,10.252971096004304,13.42200026656696,89.7470289039957,63.62427912534995,84.72061281898074,83.15114843790997,67.70239066102177,74.78735171052334,52.499162790020456,12.156161058341599,18.53182939242785,3.5310686150431048
1949,4,270734,144275.75,34690,29067.5,208033.25,7798.25,2658.25,688.25,27932.75,10010,32285.5,22317.75,2357,3575.5,130610.25,88798,13371,143022,15056,218043.25,200235,28250.25,179783,69.35225498808484,86.02747397351145,81.85866922715479,66.16840924908246,72.05321247534147,10.622143980822534,13.972526026488554,89.37785601917747,64.5364133427521,83.83189734290784,82.81135977356925,67.98700714530445,75.74084617566216,53.29059150309898,13.579680171318767,16.675218985426607,3.748559424995764
1950,4,298564.75,158190.25,37514.5,29633.25,225338,8779,2969,823.75,34789.5,17728,33392.25,23936.75,2573,3881.25,148826.25,98654,14821,162114,16665.5,243066,216559,30391,194947,70.20131979515217,86.84942175753757,82.68739626694122,65.08119193963779,73.04718344654344,9.62982374318315,13.150578242462434,90.37017625681685,65.55589467906661,84.7993300743279,84.84376780496615,66.28803722461595,73.61950371347392,52.98356554147802,13.486850864035361,16.648101962385393,3.895925232317674
1951,4,343469.25,185690,42594.75,31458.75,259743.5,9719.5,3430,1159.5,39453.75,22304,37725.25,31686.25,2662,4261,170654,114553,15853,185790,18733.25,282047.5,250024,38609.25,221134.25,71.48975816526689,87.88853234055905,83.78883879673602,65.83642826119714,74.2688701884619,8.694865292931878,12.11146765944095,91.30513470706812,66.511971799936,85.7739133580619,86.45705185777791,67.125880436438635,74.00016795757134,54.0630638696186,14.864375816911684,16.398774175292164,3.7419608190387823
1952,4,364731.75,201086,43039,34548,278673,10815.75,3865,1197.5,37776.75,19107,40604.5,36056.5,2615,4630,178910.75,123015,17331,195027,21050.75,297780,267857.25,43301.5,235371.5,72.15840788307443,87.60267410190438,83.74160754719689,67.52837665390557,75.072076637836,8.860036455985417,12.397325898095618,91.13996354401458,67.03636591515965,85.32192725117527,86.34282696164705,68.7577465300436,76.13268370572426,55.13257345980985,15.538462642595443,15.444266218829954,3.8811617917774597
1953,4,385427.5,215253,42017.5,36137.25,293407.75,12028.5,4403.75,1153,38496,19944,43490,37018.5,2691,5111,191883.5,133985,18468,209184,23404.75,313351.75,281379.25,44820.5,248587.25,73.36309282900673,87.68360753933732,84.10347886175468,68.69372837394398,76.49924434726441,8.56806249927811,12.316392460662678,91.43193750072189,68.56043501828835,85.46295113687448,87.30285427587532,69.82622268199194,77.2624131060949,55.847857249417856,15.275840532501272,14.32051471033059,4.09958496324654
1954,4,387638.75,214196,42255,39297.75,295748.75,13060.75,5171.5,915.75,37497.75,17348,45980.5,37567,2571,5544.75,188525,132212,17937,206865.25,25623.25,313096.75,282688,45682.75,250066,72.42498911660658,86.71245440597805,83.14058808363518,68.4120802914754,75.77116821371972,9.281257074937741,13.287545594021953,90.71874292506226,67.38750969743988,84.28504874713076,86.27773427303576,70.12969102241082,77.50369310854222,55.256601668434854,15.446472723891478,14.287465289371468,4.416164058174379
1955,4,423344.25,230639.75,44272.5,46487.25,321399.5,13421.75,5743.75,1297.25,47813.5,21789,48889.25,39241.75,3053,6063,213491.25,144625,19818,233051.25,27443.5,343188.5,307977.75,48357.75,273041.75,71.76107927983709,85.53599181081489,82.09226367807044,67.20497627397188,74.88844567505282,10.736327543142322,14.46400818918511,89.26367245685768,66.75975377391919,82.97430704278742,84.14092623378815,67.74282318361993,74.67474212365414,54.48042580004334,15.04599415991624,13.774912530977801,4.176033254563246
1956,4,451384.25,249357.5,45818.75,46997.5,342173.75,13667.75,6445,1650.5,46825.25,21591,54125,41589.75,3268,6593.75,227964.75,158175,21518,250053,29394.5,363764.75,328506,51451.5,290722.25,72.87452646499037,86.26501886833809,82.91739576750116,68.54911037971657,75.90652834347013,10.145857305498225,13.734981131661911,89.85414269450177,68.07390903173045,83.83422665447863,85.56671891461315,69.38572739864387,76.61782033381489,55.24284464954194,15.036659007302577,13.390492403347714,3.9943888156236413
1957,4,474394,262654,47786.25,48672,359112.25,14053,7628.5,1822.75,46047.75,20880,58917.25,44354.75,3323,7255.25,237097,166500,22808,261661,31805.5,379992.25,345059.25,54933,304179.25,73.13980517233817,86.44657763693664,83.11988452078702,69.12088338643748,76.11852167417625,10.032769734473138,13.55342236306336,89.96723026552687,68.28901050942824,83.9989085383043,86.08699698566251,70.22442291551559,77.69880861826785,55.366214581128766,15.296888368469748,13.306772464598465,3.9132611042925993
1958,4,480580.25,264743,50157.25,48435,363335.25,14796.75,9041,1703.75,41333.5,18440,62455,47558.75,3503,8031.5,230434.5,163977,23137,256830.75,34317.25,381775.25,348538.5,59093.25,304242,72.86466149375818,86.66933637735397,83.21816765645502,69.34524959383826,75.95803619973117,9.651229347690427,13.330663622646027,90.34877065230957,67.5941355894321,84.08010728301812,86.82578134307613,71.15991746027613,79.10225641891485,55.08819806889692,16.264111450788217,13.804674883595798,4.07247851674177
1959,4,521452.25,285910.25,50345.5,56398.25,392654,15556.75,9204.25,1657,52796.25,22816,65443,49303.5,3553,8850.5,259826,180289,25553,287446.25,37408.75,415470,377097.25,61707,330947,72.81480641990149,85.63665466288386,82.43119260213827,68.81609983873685,75.81870459145486,10.83049531652644,14.363345337116138,89.16950468347356,67.745968387687455,82.95852508105527,85.26036026237013,69.38835990239622,76.95679826527171,54.82961287442906,15.71536263478788,12.821848242982371,3.961948687648668
1960,4,543687.5,301437,50588.5,58008.25,410033.75,16462.75,10145,1743,51542.5,21885,67900.5,52525.5,3797,10097,271392,190689,27844,299880,40408.75,431918.75,393571,66419.5,343614.25,73.5151679587351,85.852810896664,82.76840016218178,69.79020938544576,76.59024674074055,10.556036903125484,14.147189103336006,89.44396309687451,68.39573737119458,83.11820595333285,86.02653577728353,70.26330916165547,78.2962701397671,55.44306242096793,16.198544631996757,12.33764293792889,4.014974377109201
1961,4,563124.5,310565,53198,61262,425025,17200,11734,1901.5,52629.5,22203,70604.5,56250,3734,10728.75,279205.5,195554,28940,308729.5,43273,447228,407825,70712.75,354312.25,73.06981942238691,85.58625963178636,82.4571495794365,69.44220844848712,76.15153558511616,10.80414393428554,14.413740368213634,89.19585606571447,67.69516154183209,82.70960148851755,85.74579336804604,70.03945122857537,78.13861678897011,55.15032643758174,16.637315452032233,12.516440209399446,4.046820775248515
1962,4,603951.75,332297,55234.5,70519.5,458051,18045.5,13381.75,2117,60271.25,23296,74097,60043,3807,11817.75,305114.5,210997,31234,335950.25,46529.75,481347,440005.5,75667.75,382383.25,72.5458518811224,84.60444360999102,81.58979567777388,69.03481272346146,75.52110144077744,11.925760018908855,15.395556390008974,88.07423998109114,67.11309922701896,81.55790035259128,84.20193587392676,69.15338340196877,77.03980385606131,55.02045486249522,16.519503286751913,12.058591728868619,3.9396268101150307
1963,4,638913,350471,56398,76569.25,483438.25,18726.75,14379,2527,66427.5,25491,78017.75,64029,3831,12825.5,324946.75,222667,33170,357362.75,49528.75,508929.25,464711.5,80685.5,402752.75,72.49550485506681,84.16152424844331,81.24501940009918,68.86438537380195,75.416898441291,12.44696978663106,15.838475751556688,87.55303021336894,66.98538991974604,80.98852211437413,83.61957032999325,68.52415049542732,76.31416828105735,54.854260282698895,16.68992885854605,11.666019393376507,3.8736591488158
1964,4,684508.25,376029.25,59131,84981,520141.25,18830.75,16479.75,3004.75,73238.75,26573,82389,69191.5,3916,13951.75,351570.25,239180,35588,385982.5,52346,546714.25,501310.5,87059.25,433082,72.29367984177375,83.66193798319206,80.81987344783748,68.7798516318168,75.00925075377435,13.195464687055228,16.338062016807935,86.80453531294476,66.72408458444359,80.37761901903104,82.64421403255079,68.0319224962863,75.69412522380608,54.93421737429753,16.737616945397043,11.368258141418316,3.6203146741389958
1965,4,741549,405409.5,63663.25,96212,565284.75,19337.75,18575.75,3484,84582.5,29768,88006,74592.75,3968,15347.75,386637.5,259864,37816,423777.5,55747.75,595052.75,545947,93908.5,471376.25,71.71774932898862,82.97990526013659,80.1643662773496,68.13001032261425,74.25803237310582,14.080899794302377,17.020094739863406,85.91910020569762,66.08330394244513,79.58912864192882,81.44840912260797,67.21127671268307,74.49770154649298,54.67062864355558,16.612600994454564,11.262155931147975,3.420886553192882
1966,4,808328.5,449224.5,67933.25,103979.75,621137.5,19910.25,21316.75,3391,91593.75,32232,95309,84361,4022,17238.75,424229.75,288528,38913,465090,59262.5,653369.5,601227.25,105621.75,515515.75,72.32287536978528,83.25978547423074,80.52555794811938,68.75504595791509,74.71792071966132,13.982982308270293,16.740214525769254,86.0170176917297,66.65223128488314,79.82995669870417,81.71635846634554,68.01220329314481,74.88073124254267,55.57449724957118,17.00456823167173,10.936910104445474,3.2054496790163207
1967,4,856596.5,481761,69474,106410.25,657645.25,20346.25,24336.75,3628.5,89090.75,30992,103555.5,93384.5,4181.75,19202.5,446075.5,308418,41389,491171.75,63314.75,688637.25,637299,116768.75,540876.5,73.25545193248183,83.81950603307786,81.17849250792885,69.95860302358027,75.59418734377427,13.50449318137954,16.180493966922135,86.49550681862046,67.4816247331877,80.32633142685992,82.53212182678632,69.14031369129216,76.21158600546349,56.24129914142773,17.75558327228852,10.564054100596028,3.0938032320616626
1968,4,937513.25,530738.5,73829,109740.25,714307.75,20096.25,26514.5,4182,96111.5,37164,113356.5,104592.5,4377,21708.5,492118.25,340181.75,47847,542110.75,67511.5,751471.75,694211.5,130678,583629.75,74.30109781113252,84.63683895351828,82.05290366792184,70.62654051865556,76.45198905520868,12.91306755938212,15.363161046481716,87.08693244061789,68.54696834765534,81.19694035473688,83.56072017877354,69.12601798449865,76.57073240728496,56.61130656020062,18.29435561912915,10.335741142385757,2.8133882069738148
1969,4,1016033,584437.25,77005,113251.5,774693.75,20347,33243.25,4798,91821.25,36958,124896.25,114591.75,4439.25,25038,534948.25,377453.75,52896,590652.25,73048.5,811651.75,754346.75,144069,630624.75,75.44106945486523,85.38112641285669,82.89611217335883,72.0059126343287,77.47594193253964,12.315887885776666,14.618873587143307,87.68411211422334,69.83047366916696,82.04138039301502,84.803106308383,70.55892789629651,78.30141857028984,57.5214830620659,18.5968971609749,9.940056957991464,2.6264572290663244
1970,4,1067965,623323.75,77801.75,113137.5,814263,20664,40235.75,4357,79143.75,31263,136837.25,126672.75,4501.25,27898.5,550323,398009.5,56965,612127,78783.75,845526,793599,159072.5,655190.5,76.55066606243929,86.10553347014417,83.71681661821795,73.72023450491173,78.5439182761067,11.65242143702298,13.894466529855833,88.34757856297702,70.8574452773659,82.73212142117445,86.13153139505945,72.3228903752887,80.6735676729677,58.365559732762776,19.535764243248188,9.554867407704881,2.5377550005342253
1971,4,1155331.75,664973.75,83904.25,128417.75,877295.75,21827.5,44448.5,4158,92791.75,34808,148925.75,139281.5,4555,31040.5,593300.25,421648.75,62805,660920,86448.5,912103.75,855468.25,174877,702418.75,75.79812737038792,85.36209140418154,82.97110039573313,72.9054945777824,77.73213675668266,12.459872122664985,14.637908595818457,87.54012787733501,69.7727317216404,81.71777874665219,85.06346491663847,71.06835872730544,79.48209715355604,57.55695279732423,19.933642674092518,9.56396403379362,2.4880435132622036
1972,4,1271952.5,731334.25,95095.25,145048.75,971478.25,22719.5,48983,4778.5,107677.75,39110,161008.25,152165.75,4637,34308.5,659461.25,468169.25,67290,732901.5,93930.75,1010588.25,948758.75,191111.25,780367,75.28055826262708,85.06927458231823,82.62209550239545,72.36718317277091,77.08326800675093,12.8936096768541,14.930725417681765,87.1063903231459,69.22678688360733,81.41275194876258,84.65052469324148,70.99268531699171,79.05977367188967,57.49697807111508,19.67221088068621,9.78871631969115,2.338652460824522
1973,4,1419230.75,812695,112520,159668.5,1084883.5,23116.25,57952.25,5740.5,118491.5,45632,178682.75,163087.75,4819.25,38191.25,738228.25,526063.5,74125,820208.5,101382.25,1130515.5,1061767.25,206098.25,878785.25,74.91080839555583,85.28242894283119,82.68952380601235,71.88711698335848,76.54172795403136,12.8608459151476,14.717571057168811,87.13915408485241,69.02673320927951,81.83077151101477,85.05868300264564,71.26027756320623,79.21411316689084,57.26306310654557,18.997270213806367,10.371620547275352,2.1307587404546204
1974,4,1537780.25,887736.25,112213.25,164554,1164503.5,23180.25,73586,6787,108235.75,47235,206893.25,175838.75,4588.25,42555.5,793538.25,577322,78624,889578.75,110435.75,1211738.5,1141323.25,222982.5,941521,76.23302549112132,85.86917085264236,83.46013451226209,73.26137198743788,77.78131655514773,12.38682818386465,14.13082914735765,87.61317181613535,70.60424037275855,82.52253534440548,86.46696748476158,72.75288872338542,80.75402049966132,57.72842055943949,19.148289378262923,9.636145361521026,1.990569371410219
1975,4,1671554,947274,118238.5,194536.75,1260049.25,22292.5,85244.5,9036,124227.75,46264,238511.25,193822,4634,47331.25,852029,607817,84498,965545.25,121260,1306313.25,1237756.75,245787.25,1014262,75.17753770338739,84.5611788586835,82.21526856985948,72.51507247591648,76.53151558252459,13.915840087319257,15.4388211413165,86.08415991268075,69.16228252660555,80.81987198573938,84.27073469325506,71.33759531659133,79.19119879197062,56.67026012919714,19.506162159931446,9.383641155296113,1.7691768793957856
1976,4,1852758.5,1048384,130974.75,214878,1394236.75,20309,87061.5,9135.5,157790,59418,260226.5,207081.75,5411,51645.5,962280.25,682785.75,91413,1087308.25,130888,1453654.75,1373927.75,264138.25,1130098.5,75.19411606386075,84.58812680127676,82.23962411692276,72.120563703314,76.30561359576586,14.16151613503694,15.411873198723244,85.83848386496305,69.39622962069235,80.98590521091745,84.14398682357523,70.95497907184523,78.40296554957142,56.58503253392172,18.945007008314764,9.394010737416009,1.4566392687612058
1977,4,2062379,1165887.25,144491.75,244061,1554440,15865.75,101947.75,8081,186670.5,68504,289829.25,222994.75,5931.25,56439.5,1092061.25,771695.75,100018,1232517.25,144197.25,1622944,1538574.25,285365.5,1269074.5,75.00368299837884,84.29910450065618,81.97524912508685,71.83779908610525,75.77711962877319,14.831604649564362,15.700895499343815,85.16839535043565,69.38298342611091,80.7685837198683,83.55852228262091,70.66414544056022,77.78851879693754,56.53118316274555,18.358090373382055,9.295421502277348,1.0206730398085484
1978,4,2328274.5,1316862.75,165974,280807.5,1763644.25,16546.25,116038.25,10375,215700,77852,327194.75,242802.5,6538,62960,1247614.25,884698.75,108702,1406890.25,160168.5,1841496.25,1747098,312300.5,1451343.75,74.66714163017853,84.0779964553509,81.72528274905781,71.51047687444381,75.374292111833455,15.125725631876403,15.922003544649098,84.8742743681236,69.21601102426631,80.65189587235966,83.37874781380228,70.91124119494467,77.67927248126448,56.559600253320646,17.707681126735167,9.410854825172366,0.938185237754156
1979,4,2582329.25,1477302,179437,302101.5,1958840.5,16092.5,139389,12752.25,214604.75,80737,373880.25,262582,6378.25,70547.25,1381003.75,1004442.25,115009,1564355.5,177735.5,2039577.5,1942748,339507.5,1619333,75.4171664308554,84.57753451595472,82.2874424946799,72.431765892691,76.04187470531433,14.721878493762445,15.422465484045281,85.27812150623755,70.26315773222679,81.3440780864714,84.7446262215961,72.73276774230338,79.3401591910235,57.20811937517263,17.33206455553681,9.160368085099323,0.8215319215627817
1980,4,2813037.25,1622345.5,171570.25,329159.75,2123075.5,18978.75,184013.5,13997,187654.5,75484,428429.5,288617,6103,80425.5,1490293.75,1102003.5,128574,1702381.75,203978.75,2198559.5,2104096.75,375145.5,1747930,76.41487549547814,84.49608833976936,82.47578512869656,73.7912937994173,77.10413031149827,14.741765082808097,15.503911660230642,85.2582349171919,71.35297180093025,81.16859656851247,85.6766343183977,73.94538828335018,80.9273347177347,57.67237884958686,17.669908583090898,8.081212844291217,0.8939272296251358
1981,4,3169337,1792680.75,179678.5,419980,2392339.25,23780.75,233385,16913.75,216215.5,70315,487229,318094.75,6163,90681.25,1690250.5,1220566,154404,1935130.5,231590,2462654.25,2368558.5,414939,1977400.25,74.93421971821095,82.4447974926633,80.56715304905022,72.79465844626789,75.6865726559002,16.72744202855872,17.5552025073367,83.27255797144127,69.67439950510779,78.7610019772173,83.28486968720904,72.21213660342062,79.47187430514703,56.56327332814403,17.344488245134965,7.510577774452348,0.994037530421323
1982,4,3335139.5,1893174.25,171191,460018.5,2524383.75,23832.75,272994,19317.25,195168.5,51294,536963.25,345601.5,6250.25,101072.75,1746044.25,1275113.75,161301,2018564.25,258636,2575677.75,2500551,452924.5,2071459.25,74.99550137731634,81.77699804952397,80.08162388147207,73.50198408943044,75.71028345352684,17.443585433770398,18.223001950476032,82.5564145662296,69.52826853822975,77.79253924497911,83.15330618212504,73.02871906024146,80.46185083924478,56.76446967210817,17.941982870076707,6.781496672207623,0.9441017040297459
1983,4,3577185.75,2012661,186251,509140.25,2708052.25,24436.25,286595,21681.25,242846.75,66419,562622.25,367269.75,6283,111844.75,1886580.25,1352980.5,177439,2172456,280617,2774471.25,2683616,485397.5,2222654.75,74.3213503358364,81.19902413256612,79.4796056833837,72.54214654413882,74.9980995790754,18.06160046742902,18.800975867433873,81.93839953257098,68.7134832793982,77.0931472825458,82.3620974269996,71.71603222285403,79.16142097676246,56.26381017535922,17.924229490032918,6.877673796729734,0.9023551890477741
1984,4,3996192.75,2216082.75,228248.75,604147,3048478.5,24653.25,331112.75,29159,300699,81477,598396,394328.25,7292,122622.5,2131610.25,1501072.5,195621,2434778.5,303063.5,3129955.5,3023825.25,524242.75,2524235.75,72.6947147568861,80.1820153889883,78.31019023096276,70.80237242989557,73.28739483209223,19.164260566975557,19.81798461101169,80.83573943302444,67.02385068431109,76.06614199961315,80.9416330358562,70.4196510595687,77.53516709868094,55.45485137072029,17.19686558392982,7.487300632102211,0.8087067040164463
1985,4,4284905.75,2387539.5,241051,645922.5,3274513,26203,352289.5,34060,314980,81610,640138.25,426625.25,7341,132198.25,2274630.25,1615931.25,209049,2601494.25,333770.25,3356123,3248310,566164.5,2708348.5,72.91281176773462,80.27424230717666,78.43388467231615,71.13980923821921,73.50097435281731,19.078212978441098,19.72575769282333,80.9217870215589,67.25039262857051,76.1506874023044,81.44932795775141,71.04149124896233,78.23130898385139,55.71976699837563,17.29003671691027,7.361430539442049,0.8002105962016336
1986,4,4499784.5,2543845.25,256478.75,621275.5,3421599.5,18268.25,374826.75,35960.75,284090.75,91871,685294.75,453260,7739.25,144377.75,2356902,1723353.75,219623,2706769.75,364461,3513470.5,3403331.25,605377,2816222.5,74.34666886057238,81.84254177030363,79.96857354287081,72.4026357984221,74.74574360047967,17.71814747682877,18.157458229696374,82.28185252317122,68.8322122985666,77.93940287033429,84.2547672640373,73.1194487509451,80.633073641766,56.532601727927194,17.69280712134778,7.495872909731253,0.533909652488551
1987,4,4811610.75,2723760.75,286467.75,638285.25,3648513.75,16596,378296.5,33292.25,322802.75,112702,730383,480876.5,7729.25,163305.75,2523839.25,1847640,233366,2895131.5,392064.25,3761216,3631917.75,651911.5,2996602.25,74.653980679119,82.50560930461067,80.54270214823777,72.41702550451768,74.99511105393287,17.117382407682552,17.49439069538932,82.88261759231744,69.13994841991459,78.69970063594526,84.84086655106682,73.20751509827736,80.66629898428197,56.60808597204169,17.86786468873798,7.851628625491681,0.4548701508936344
1988,4,5233613.75,2948853,325524,699954,3974331,22490.75,409714.75,32756,359258.5,124266,784496.75,516305,8344.25,184762.25,2742677.75,2002308.75,252014,3142533.75,424191.25,4098597,3951840.25,709411.5,3264919.5,74.19746870605393,82.3881302287102,80.34046484804612,71.94786411057247,74.61974203031107,17.14298167796636,17.61186977128981,82.85701832203364,68.5910173282986,78.56137034925364,84.61420950894667,73.00561467711618,80.3925760753534,56.344490458433235,17.849834349479195,8.190661522656265,0.5659002735303124
1989,4,5573751.5,3140886.5,341129.25,750358.75,4232374.5,21522.75,463404.25,38266.75,351587,124422,838258,556833.25,8963,202783.25,2892994.5,2119331,267544,3320142.5,452685.5,4356796.5,4210851.75,768579.5,3463795,74.21097778563782,82.27097460302721,80.25597539867987,72.09165036742019,74.59028924492533,17.308517213886716,17.729025396972787,82.69148278611328,68.4886663327362,78.337091253957,84.7383786310312,73.25734632402516,80.72256551780352,56.35139097966603,18.15953432287242,8.059996817389388,0.5085265965948902
1990,4,5867788.5,3342679.75,353153.25,759882.5,4455715.5,28166,471109.75,39180,343242.5,121816,888532.5,602556.75,9427.75,224226.5,3012643,2234925.25,284469,3467331,486982.25,4577531.25,4427549.5,836211,3619504.5,75.0200444799494,82.94589275280255,80.96443068458926,73.02363582990286,75.49728693038892,16.52644425545101,17.054107247197447,83.47355574454899,69.24894692077328,79.00589707790114,85.74897423914904,74.18486856889449,81.92018727544504,56.966602494278725,18.76715423145845,7.925848272853147,0.6321319213491077
1991,4,6065416.5,3453265.25,354162.25,769963.25,4577390.75,38577.5,438038.75,38889.25,372270.5,117813,932392.75,643657.25,9190.75,243234,3075065.25,2277820.75,307936,3554693,515300,4695203.5,4538813.25,896082,3681308.75,75.44178416491972,83.17899231128564,81.24469027469416,73.54878760846042,76.0829992289284,16.11403046820664,16.821007688714364,83.88596953179336,69.46397120317604,79.08452394817468,85.97768386465754,74.07389973269673,82.31710716078767,56.93368707655937,19.576261869275633,7.737208146365918,0.8427836317010952
1992,4,6404816,3671212.25,400155,777559.25,4848926.5,60572.5,400981,39720,408199.5,131914.25,960244.5,682206.25,10222.25,262795.75,3248013.5,2420482.5,325895,3742361.25,545162,4980840.25,4788354,955224.25,3893702.25,75.7118560159656,83.96430117057868,81.90118988192542,73.70668533286126,76.66960817850978,14.973553542616106,16.035698829421317,85.0264464573839,69.75335620488187,80.0303361665623,86.7492944288935,74.52193471486494,82.8331397237997,57.31955843852501,19.699705697745678,8.252445154613088,1.2491940226357319
1993,4,6703133.25,3820609.25,427984,818117.5,5066710.75,90079.5,389910.25,39388,453786.75,155047,1003499.5,704114,10848,280562.25,3401674.75,2515738.75,343758,3918863,578375,5221757.75,4976631.25,995524.25,4071186.5,75.40610543043137,83.8530845677346,81.74133978340879,73.16711025133252,76.77099343054601,14.629132909937821,16.1469154322654,85.37086709006218,69.3921784226785,79.9046911754104,86.66385221038594,73.95588746396169,82.26969390190233,56.99736388203233,19.648333980778357,8.446979137303229,1.7778693997876236
1994,4,7147986.75,4010206.5,456644.5,927476.25,5394327.25,113665.5,389642,40714.75,556125.25,172671.25,1055608,727936.25,11241,296387.25,3662496,2649014,376107.75,4210080,619563,5566998.5,5280661.75,1035564.5,4358762.75,74.3411794306695,82.80645190741811,80.69013378823097,72.035343641641,75.94136284150372,15.411150884640547,17.19354809258189,84.58884911535945,68.24510005734999,78.72157070260363,85.0756186255848,72.3281062969079,80.60563142531927,56.102601197463045,19.19728729843003,8.465272476748607,2.107130226480049
1995,4,7547592,4202176.5,481185.5,1007803,5691165,124883,408672.25,44966.25,623730.25,194449,1122381,748736,12033.25,312153.5,3883799.75,2787889,384752,4474228,662598.25,5885613.75,5566282,1072922.75,4618242.25,73.83684184169674,82.2917979007813,80.17805888601016,71.39742223145377,75.49341732955679,15.861934411515621,17.708202099218703,84.13806558848438,67.75854493124521,78.17777965198772,84.36391861493018,71.78251144385084,79.67564889618897,55.67572412499245,18.852427402825256,8.454956059084564,2.1943310376697918
1996,4,8016093.25,4421067.25,543783.5,1101278,6066128.75,142529.75,415887.75,52644.75,701601.75,211386,1175306.5,768730.5,12156.5,327506.5,4143871,2953697,398416,4770202.75,694957.5,6277514.75,5923599,1108393.5,4957735.25,72.88119708965952,81.84545621455858,79.60439143333382,70.42703085643885,74.63481660389233,16.185232153628224,18.154543785441415,83.81476784637178,66.81828663601995,77.78667184779583,83.57779658518268,71.27869086658345,78.86083266252031,55.152392968981495,18.271842647586404,8.964259124899055,2.349599816851893
1997,4,8567301.5,4713221,583957.75,1210152,6507330.75,147060.5,455479,50062.75,782311.5,224762,1239326.25,796964.25,12194.75,346028.25,4473094.5,3176578,416929,5143150.5,731915.75,6732092.5,6360270.25,1155187.25,5352143.5,72.42940586660667,81.40325048023723,79.1597893268296,70.01123350577848,74.10409958601996,16.71456491962743,18.59674951976277,83.28543508037257,66.47866878008783,77.38939548238943,82.90899144399695,71.0152222359711,78.31480249018439,55.014067148214636,17.75209059413493,8.973844613630558,2.2599204750734394
1998,4,9119210.75,5075701.75,640276.25,1251713.25,6967691.25,165206,511830.5,64076.25,732405.5,221805,1309736.5,832147,14133,370824.5,4759458.5,3447480.75,430774.5,5474446.5,774758.75,7189496.25,6802485.25,1217104.5,5750586.75,72.84624946606237,82.03546619549195,79.73816201313456,70.59885106692975,74.61540251042808,15.972210303579857,17.964533804508058,84.02778969642014,67.09919209548487,78.2332950633255,83.94405459717707,72.43430633968129,79.6426985661231,55.65944125153594,17.467830538558953,9.189216729429566,2.3710292846285346
1999,4,9660487.25,5409932.25,696351.5,1282677,7388960.75,178497.5,518842.75,67683.5,745039,227385.75,1398936.5,879773.75,12884.75,394667.25,5032428.75,3684311.5,453904.75,5802060.5,825081,7616346.5,7210463.25,1287325.75,6101635,73.21641612455446,82.640630483793,80.28457689398337,71.03054266241695,75.02891371091864,15.3135722590362,17.359369516207,84.6864277409638,67.56560331779924,78.97814274370722,84.67465955603686,73.21139916784713,80.46941547101206,56.00061477230354,17.42228431785891,9.424214359238544,2.4157321447403817
2000,4,10346712.75,5854629.25,753559.25,1319680,7927868.5,183475.25,603735.75,85170.25,680746.75,233448.25,1511227.5,934926.25,13766.25,421117,5377582.5,4008927,479695.75,6216190.25,880616.5,8161316.5,7744393.25,1369809.5,6558059,73.8487179750774,83.35391158417927,80.9776131819038,71.73633383780668,75.59829493420933,14.671320442050124,16.64608841582072,85.32867955794987,68.38638917399187,79.876972744527,85.94661501057415,74.54887024048446,81.85013669415693,56.584437893088314,17.278408439796902,9.505193609101866,2.314307433328391
2001,4,10698653.75,6046343.25,831055.75,1376960.75,8254359.75,202400.5,627099.75,99224.75,618383.25,170147.75,1599508.5,996567.75,13068.25,440414.25,5314008.25,4013810.5,469409.75,6202592.5,947721.5,8424507.25,8051959.25,1450050.25,6804309.5,73.25029963710995,83.3183821434485,80.80136151686386,71.770883098237,75.0915778665919,14.587260237314291,16.681617856551505,85.4127397626857,67.54973447342452,79.76340214976993,85.86699731513912,75.53263584037529,82.85125176007878,56.51499143058069,17.56708326166666,10.068082506338545,2.4520436003531345
2002,4,11010780.75,6143367.75,870135.75,1452414.75,8465918.25,208448.25,550295.75,80755.5,773589,160673.75,1657981,1065473.5,12772.75,476534.25,5383953.75,3972742.25,497529.25,6298540.25,983529.25,8626592,8257470,1554780.5,6911137.75,72.56587612336087,82.84397856074266,80.27445295139721,71.21430745768433,74.39769990081707,15.064741379623541,17.15602143925734,84.93525862037646,66.39409336038773,78.9844334964963,84.06584392966556,73.78856569858164,81.3016194151777,55.794115689752516,18.36517261432332,10.278102437381792,2.46220485297032
2003,4,11480643.5,6362295.5,897509.75,1526297.75,8786103,227097,518772.25,76047.25,918144.75,213763.5,1719097.75,1132612.5,14179.25,503880.75,5592406.75,4040874.5,524274.5,6524948,1014831.25,8999866.5,8559006,1650672.5,7135430.5,72.41316770358827,82.6282738775086,80.07449733402852,70.69322083833133,74.3345138442478,15.179341502973593,17.371726122491392,84.8206584970264,66.0313768034038,78.60959125031069,83.24201782157567,72.2564484423455,79.73103898383867,55.417586130951634,18.787311052465466,10.215106173920338,2.584729543917252
2004,4,12245295.75,6729301,962895,1630683,9322879,242782.5,459037.5,81962.5,1125412,278511.5,1821838.75,1191818.5,15111.75,530607.5,5986994.75,4240204,569371,6960008.25,1074097,9601390.5,9080096.5,1737537.75,7585341.25,72.18050346893915,82.50880441546008,79.92672917882985,70.08673379131908,74.11045686573925,15.285085351240484,17.491195584539927,84.71491464875952,65.80802478728297,78.5021801095633,82.50849161739949,70.8235797267068,78.2668600786461,54.954172911666916,18.63735172364674,10.328300946520919,2.604158007413804
2005,4,13096197,7077721.75,979141.25,1810456.75,9867319.75,221105.75,574129.75,90641.25,1304328.75,379748.75,1971051.25,1248376.5,15292,548279,6443364,4442988,616267.5,7485432.75,1149745.25,10247068.5,9646214,1811947.5,8055372.25,71.72891858500886,81.65199065328758,79.1712226362179,69.07069812210194,73.37305340727461,16.47642277063312,18.348009346712413,83.52357722936688,65.36971956820493,77.5248530569149,81.56240805445182,68.9544778162463,76.24702971711555,54.044099596241566,18.363117299406458,9.923072068278724,2.240788335657208
2006,4,14025375.25,7491255.25,1050869.75,1989271.25,10531396.25,181119.5,702094.75,79818,1456385.25,430146.5,2124165.25,1304364.5,16392.75,574606.25,6910012.5,4681229.75,654522.75,8029315.75,1209449.25,10961542.5,10350276.75,1895363.5,8636032.75,71.13259317348353,81.1110397636021,78.61642811607246,68.34125078655673,72.37734247057693,17.469598095529186,18.888960236397903,82.53040190447082,64.7970186310375,76.96545036839977,80.35972386691549,67.74560465701039,74.83394485619611,53.4121555856411,17.997266981574263,9.97844659011857,1.7198051967705612
2007,4,14461930.75,7889368.5,995396.75,1963259.75,10848025,186259,813507.5,97247.25,1258027.75,391782,2252750,1374817.75,18043,598494.75,7010313.75,4894237.75,676291.75,8199258.25,1279323.25,11239806.75,10661766,1991355.5,8856669.5,72.72631193235635,81.90214578229677,79.60818731981168,70.19131801354148,73.99682660452312,16.66703949420762,18.097854217703222,83.33296050579239,66.59402837601651,77.83297942866672,82.3635152737015,69.81481748944546,77.26903616690943,54.552664069422406,18.35684836640771,9.175833849940426,1.7169853498678331
2008,4,14578662.5,8068679.5,960304,1954342.5,10983326,290275.25,851777,112781,955427.5,255918.5,2358962.25,1445445,19106.5,638807.25,6852046.75,4940328.25,684959.25,8108788,1388669.5,11239244.25,10693050.75,2103358.75,8879967.25,73.46298835161589,82.20627795259833,80.02045555235271,71.79023180317485,75.45722627380216,15.562137400311132,17.79372204740167,84.43786259968887,67.17728322702992,77.99155734498908,83.57616319208603,72.10003711664693,80.10796425379078,55.34581447372144,19.150471815186037,8.743289600982434,2.6428720225549163
2009,4,14286346.75,7767191,938126.25,2051904.5,10757221.75,347592,706239.75,125117.5,1076888.25,203933,2371276.25,1493741.5,17410.25,669001.5,6553678.25,4607470.75,655455.25,7817336.5,1415514.5,10961154.75,10409629.75,2180153.25,8577068.5,72.20443326828324,80.92533046462485,78.74510616553944,70.86106507163399,74.61543961253761,16.372460317332614,19.074669535375154,83.62753968266739,65.13924600229088,76.07685539645627,80.91387600561264,70.30358486091379,78.11625213221,54.36792999581926,20.26688024721625,8.72089719634161,3.231243234341618
2010,4,14979526.75,7932969.25,1108503.75,2286676,11328149,433670.75,610260,126327.5,1388685,272267.25,2390391.25,1543906.5,15321.5,681157.75,6966278.25,4700759.5,684946.75,8236992,1443869,11600416.25,10894478.25,2240385.75,9087763.25,70.02882156652424,79.81421324878407,77.36786532821911,68.38521203926626,72.81642193374428,17.008664458070765,20.185786751215932,82.99133554192923,62.640094634947715,74.83785682907177,78.22781225878887,67.47877893048559,74.83699116978622,52.95874417394395,19.77715644453476,9.78539168225983,3.828257820408259
2011,4,15624021,8234013,1228336.25,2380671,11843020.25,506541.25,574893.25,130122,1449877.75,280763.25,2474363.25,1553545,16328.5,707502.5,7298487,4927979.25,718672.5,8623023.75,1471023.75,12123783.5,11336479,2277376,9565644.25,69.52629334565226,79.89810918376163,77.3051552242343,67.91619959231373,72.63289598119486,16.531850409637773,20.101890816238367,83.46814959036223,62.27115335174628,75.11227746108162,78.23367447597764,67.52055939813279,74.89541308497375,52.700985232930755,19.22968931848276,10.37181583810937,4.277128969698418
2012,4,16407618.5,8575371,1299922,2557749,12433042,534468.75,609967.25,95532.25,1652369.5,334588.75,2575555.25,1556182.25,17329.75,741440.5,7781965,5182659.25,743189.75,9173994.5,1493556,12767630.75,11898573.25,2314952.5,10118089.5,68.97242846923544,79.42781018515018,76.8139647561715,67.16493582805094,72.0705820758804,17.00439378309496,20.572189814849818,82.99560621690505,61.87352365285956,74.7210281150409,77.30481916038583,66.59833666689583,73.63012833802301,52.26456843813135,18.619357193517082,10.455381715914738,4.298777000833746
2013,4,16910471.5,8843637.75,1351738.75,2558613.5,12753990,578686.75,552746.75,107299.5,1682298,362417.75,2681603.25,1597567.5,18235.5,757266.5,8009247,5356731.25,776657,9456941.25,1534466.5,13116407.5,12175303.25,2373069.5,10380920.5,69.34016531297264,79.93872113746365,77.2890821813409,67.42423754370242,72.6358725397661,16.26182698981235,20.06127886253635,83.73817301018765,62.33135346716122,75.35273003969156,77.97084345301532,66.88183358560424,74.06380356137981,52.29681354538222,18.606487067968533,10.598555824491003,4.537299699937039
2014,4,17749078.25,9259654.5,1369965.5,2721735.75,13351355.75,598502.25,586692.75,135474.25,1807956,406889.5,2819685.25,1636622,20844.75,780652.25,8522199.5,5648213.5,812931.75,10046510.25,1574412.25,13758245.25,12752853.5,2438119,10913236.75,69.35366470180378,79.6145365237534,77.049318568266,67.30258351805438,72.60849111142068,16.64908563405045,20.3854634762466,83.35091436594955,62.50698721440273,75.06023361950798,77.34758878040863,66.27647592619722,73.2652397499101,52.169776760097385,18.261209165968033,10.260871821949618,4.482707683075556
2015,4,18387991.75,9709535.25,1347722.25,2798255.25,13855512.75,601351.5,661191.75,153909,1777928,396125.25,2922938.25,1685196.25,21313.5,814935.25,8902292.5,5949840.75,834841.25,10489513.5,1618633.75,14251637.75,13254161.25,2521445,11334067.75,70.07705470878369,79.80402962712441,77.37228589753923,68.12925938985504,73.25650463170577,16.575200109324157,20.19597037287559,83.42479989067584,63.42021601203152,75.31111237622521,77.55948254578152,66.8349276324048,73.75118318812277,52.80367416958407,18.198135612123053,9.726974918340716,4.340160561722986
2016,4,18752003,9977095.75,1349213.5,2796327.25,14122636.5,618723.5,666724.5,162512,1724401.25,376034,3008108.75,1724416,20047.25,845894.5,9054476.75,6109709,851727.5,10684384.25,1675375,14498670.5,13503913,2590357.75,11532278.75,70.64612722985542,80.19967978358716,77.81129164515421,68.8138664162345,73.8829978392189,16.12572407716193,19.80032021641285,83.87427592283807,64.0527181152294,75.75217083614112,78.06223690072282,67.47721783039533,74.48367387312248,53.20549356780713,18.341885029753474,9.553552553731734,4.381076437108609
2017,4,19544200.25,10434978.5,1428634.25,2934634.75,14798247.5,642027.75,720494.25,142925.5,1726343,297156,3148953,1769234.5,18684.25,871882.25,9423390.25,6432103,884628,11132703.5,1734025.75,15095403.25,14156219.75,2659801,12138446.5,70.51496131552064,80.16903859730688,77.75551927686031,69.12686151660108,73.71302992099992,16.19505094218391,19.830961402693124,83.80494905781609,64.05413987696036,75.8236381401854,78.04428900009631,68.2567826372255,75.32828308927327,53.391688411502024,17.97375668977019,9.654077281786238,4.338539073630171
2018,4,20593076.75,10967688.5,1495330.75,3130848.25,15593867.5,671488,756396.25,155810.5,1844577,297423.5,3312603.25,1841630.25,21954,913790.25,10002783.75,6780647.75,948174.5,11796349.5,1814889.5,15891291,14922379.5,2777374.5,12816493,70.33334418161499,79.92256731692763,77.52526153309947,69.01697602793882,73.49825475219954,16.48101933073073,20.077432683072367,83.51898066926927,63.90448619602882,75.57172426185541,77.42952980071252,67.78760712486661,74.88614431373723,53.25910563607257,17.810684232118813,9.589223135312647,4.306103024153566
2019,4,21482942.25,11458471.5,1555775.25,3245450.25,16259697,688432,754521.5,161395.75,1938295.75,297194.75,3477515.75,1895710.75,22966.5,957464.75,10440725,7108215.25,993339,12332555.75,1908392.25,16556891.75,15571265,2876142,13383555,70.47161764453544,80.03990941528615,77.64783647259847,69.2066583089184,73.5872872242557,16.421390619195037,19.960090584713846,83.57860938080496,64.12593290796055,75.75046204091514,77.68378884976858,68.08162507871819,75.2400214196816,53.33753340979167,17.68877980936545,9.56829177075071,4.233978037844125
2020,4,21254698.75,11605747.75,1599507.25,3295839,16501094,743427.75,751128.25,146079.25,1966263,311059.25,3622849.5,1963715.25,22456,992748.5,10127093.25,7167961.25,578408,12095295.25,1994232.25,16812153.25,15757666.25,2978919.75,13522174.25,70.33320184710178,80.02654248257721,77.60320732370836,69.03189363920413,73.65143775652692,16.197901450032298,19.973457517422784,83.8020985499677,63.79763964363941,75.62641229830328,77.59527447852945,70.78004589322805,75.06752042120144,54.60320979613978,18.052862131444133,9.693340635475442,4.505324010638325
2021,4,23687814.25,12569555.5,1818661.75,3896850.5,18285067.75,776719,698044,193173.5,2697789.75,468875.5,3870788.25,2024056.25,22025.75,1035747,11748574.5,7883565,764921,13818844,2102855.75,18753943.5,17508348.75,3081829,15203238.75,68.74218718713799,78.68834530295902,76.20180577400376,67.02353294388458,71.79178162075392,17.820821052584986,21.31165469704098,82.17917894741501,62.40595609932127,74.3682871519728,74.97604799644843,67.1023110080291,71.77543428514018,53.06338257866067,16.854348270052213,9.946158115821037,4.247832223645986
2022,4,26055015.25,13462216.75,1868919,4125471,19456606.75,871106.5,688984.75,252829.75,2913118.25,600568.25,4307374.5,2081011,25125.75,1115973,13034696.25,8504054.5,1179906,15322598.5,2318577.25,20057175,18585500.25,3222109.75,16234497,69.19097930578259,78.79655454309884,76.39516073376977,67.1192067177955,72.43397578173878,17.5102335488656,21.203445456901164,82.4897664511344,63.07621973135355,74.58824255534373,75.56323751210878,65.24167757265536,71.73517473242515,51.668427827920766,16.560491720890642,9.60557523731624,4.477175856987499
2023,4,27485662.25,14228377.5,1941958.25,4419750.75,20590086.5,1002484,647379.5,238647.5,3144249.5,613010,4570722.75,2219043.25,25500.25,1186917.25,13678575.25,8960619.25,1194608,16125928.5,2560964.75,21203096.25,19587602.5,3431460.75,17158625.75,69.10304869287461,78.53456929382011,76.17668914358373,67.1051875265623,72.63970922424018,17.446069522801476,21.465430706179887,82.55393047719852,62.92413452749851,74.24181391682839,75.48354409245303,65.50842530182373,71.77701663707904,51.76654420979069,16.665596572408766,9.43152060094551,4.868770221047882
2024,4,29001717,15049123.25,2023080,4639487.25,21711690.5,1078148.75,611088.5,286430,3344161.25,680341.25,4796699,2368222.75,27382,1270049.25,14377761,9443320.5,1250767.25,16961079,2752985.75,22392031.75,20633541.75,3665654,18046036.5,69.31345695997278,78.6313863952694,76.30190403644525,67.20749335307637,72.93524026237522,17.25994762871963,21.368613604730594,82.74005237128037,63.08016305962808,74.29082419289134,75.87036353750537,65.68004920933099,71.93818081919937,51.89045617540506,16.883319150114083,9.317929435296621,4.965752206167457
2025,4,30532475.5,15749645.5,2109356.5,4864139,22723141,1114509.5,611473.75,282442.75,3550883.75,695170.75,5065043.5,2468695,26597.75,1339627.5,15142321.5,9891479,1412928.5,17885074.75,2902669,23418311.75,21608631.5,3834920.25,18888220.75,69.31104066994963,78.59389685607285,76.27318280954205,67.25354785662549,72.88589978500026,17.352461677177473,21.406103143927155,82.64753832282253,63.080188482019935,74.24776497278071,75.88852491754926,65.32339839700273,72.04600378181323,51.58325763661057,16.87671721968367,9.282856186123212,4.9047334609242625
2026,2,31909682,16174849,2148376.5,5232644,23555869.5,1137599.5,620189.5,274219,4054991.5,854355.5,5328557,2512192.5,27148,1383869,15968728.5,10175488,1503742.5,18881730,2994903.5,24410225,22418270,3923209.5,19632660,68.66589662504286,77.78624134422209,75.50615516442728,66.26259692403491,72.15029973320867,18.266550005865753,22.213758655777916,81.73344999413425,62.40437872402415,73.34724892093074,74.76132718465908,63.72134137041656,70.34564706803035,50.68947098877388,16.6549126959631,9.120344719179226,4.829367474633021
