date,All proprietors' income to labor,Proprietors' income 75% labor,Compensation only (TF headline)
1947-03-01,90.048,85.114,70.311
1947-06-01,88.02,83.556,70.166
1947-09-01,87.839,83.372,69.97
1947-12-01,87.828,83.358,69.947
1948-03-01,86.675,82.213,68.828
1948-06-01,86.544,81.767,67.436
1948-09-01,86.948,82.237,68.105
1948-12-01,86.154,81.577,67.846
1949-03-01,85.95,81.76,69.191
1949-06-01,86.135,81.945,69.376
1949-09-01,85.496,81.38,69.031
1949-12-01,86.538,82.359,69.821
1950-03-01,86.895,82.596,69.7
1950-06-01,86.759,82.565,69.981
1950-09-01,87.018,82.849,70.343
1950-12-01,86.73,82.724,70.706
1951-03-01,89.102,84.95,72.495
1951-06-01,88.024,83.908,71.56
1951-09-01,87.181,83.103,70.868
1951-12-01,87.345,83.288,71.116
1952-03-01,87.512,83.676,72.168
1952-06-01,87.753,83.833,72.071
1952-09-01,87.897,83.904,71.926
1952-12-01,87.26,83.559,72.458
1953-03-01,87.317,83.656,72.673
1953-06-01,87.605,84.018,73.257
1953-09-01,87.591,84.089,73.584
1953-12-01,88.227,84.656,73.944
1954-03-01,87.329,83.687,72.761
1954-06-01,86.924,83.334,72.564
1954-09-01,86.569,82.99,72.256
1954-12-01,86.049,82.569,72.129
1955-03-01,85.394,81.885,71.356
1955-06-01,85.325,81.858,71.459
1955-09-01,85.697,82.265,71.968
1955-12-01,85.715,82.344,72.23
1956-03-01,86.166,82.808,72.733
1956-06-01,86.37,83.033,73.023
1956-09-01,86.179,82.812,72.709
1956-12-01,86.343,83.014,73.029
1957-03-01,86.164,82.874,73.003
1957-06-01,86.346,83.022,73.05
1957-09-01,86.505,83.139,73.042
1957-12-01,86.77,83.443,73.465
1958-03-01,87.353,83.813,73.194
1958-06-01,86.982,83.45,72.854
1958-09-01,86.574,83.156,72.903
1958-12-01,85.82,82.496,72.526
1959-03-01,85.965,82.703,72.916
1959-06-01,85.31,82.123,72.562
1959-09-01,85.73,82.53,72.933
1959-12-01,85.552,82.377,72.851
1960-03-01,85.501,82.451,73.301
1960-06-01,85.98,82.889,73.613
1960-09-01,85.878,82.789,73.523
1960-12-01,86.049,82.943,73.622
1961-03-01,86.253,83.079,73.56
1961-06-01,85.653,82.522,73.131
1961-09-01,85.449,82.335,72.992
1961-12-01,85.031,81.93,72.627
1962-03-01,84.811,81.731,72.492
1962-06-01,84.793,81.779,72.734
1962-09-01,84.57,81.588,72.644
1962-12-01,84.256,81.271,72.317
1963-03-01,84.304,81.345,72.468
1963-06-01,84.119,81.21,72.484
1963-09-01,84.08,81.19,72.519
1963-12-01,84.147,81.237,72.51
1964-03-01,83.558,80.699,72.122
1964-06-01,83.662,80.811,72.257
1964-09-01,83.648,80.826,72.361
1964-12-01,83.774,80.937,72.426
1965-03-01,82.993,80.168,71.691
1965-06-01,82.988,80.157,71.666
1965-09-01,82.994,80.184,71.754
1965-12-01,82.946,80.149,71.757
1966-03-01,82.899,80.043,71.475
1966-06-01,83.217,80.484,72.285
1966-09-01,83.507,80.825,72.78
1966-12-01,83.401,80.73,72.717
1967-03-01,83.669,80.994,72.971
1967-06-01,83.754,81.118,73.211
1967-09-01,83.943,81.28,73.291
1967-12-01,83.905,81.313,73.536
1968-03-01,84.624,82.021,74.211
1968-06-01,84.494,81.905,74.14
1968-09-01,84.675,82.086,74.318
1968-12-01,84.748,82.192,74.523
1969-03-01,84.761,82.25,74.719
1969-06-01,85.15,82.64,75.107
1969-09-01,85.483,83.002,75.556
1969-12-01,86.093,83.654,76.337
1970-03-01,86.442,84.035,76.815
1970-06-01,85.95,83.585,76.49
1970-09-01,85.932,83.546,76.388
1970-12-01,86.105,83.708,76.517
1971-03-01,85.499,83.142,76.069
1971-06-01,85.536,83.151,75.994
1971-09-01,85.281,82.891,75.721
1971-12-01,85.146,82.717,75.43
1972-03-01,85.118,82.768,75.721
1972-06-01,85.383,82.987,75.801
1972-09-01,84.875,82.436,75.121
1972-12-01,84.918,82.324,74.542
1973-03-01,84.962,82.476,75.016
1973-06-01,85.394,82.824,75.113
1973-09-01,85.345,82.746,74.95
1973-12-01,85.413,82.706,74.584
1974-03-01,85.639,83.095,75.464
1974-06-01,85.668,83.311,76.24
1974-09-01,86.256,83.889,76.788
1974-12-01,85.903,83.53,76.414
1975-03-01,85.026,82.702,75.73
1975-06-01,84.596,82.284,75.347
1975-09-01,84.298,81.936,74.848
1975-12-01,84.355,81.973,74.829
1976-03-01,84.223,81.891,74.894
1976-06-01,84.499,82.165,75.163
1976-09-01,84.643,82.285,75.214
1976-12-01,84.964,82.595,75.487
1977-03-01,84.932,82.581,75.53
1977-06-01,84.278,81.984,75.104
1977-09-01,83.759,81.508,74.756
1977-12-01,84.271,81.872,74.674
1978-03-01,84.547,82.17,75.039
1978-06-01,83.944,81.565,74.428
1978-09-01,83.926,81.579,74.54
1978-12-01,83.928,81.616,74.681
1979-03-01,84.379,82.009,74.899
1979-06-01,84.505,82.188,75.238
1979-09-01,84.826,82.541,75.687
1979-12-01,84.59,82.395,75.81
1980-03-01,84.809,82.769,76.648
1980-06-01,84.893,82.959,77.159
1980-09-01,84.743,82.705,76.589
1980-12-01,83.607,81.543,75.348
1981-03-01,83.568,81.529,75.41
1981-06-01,82.788,80.917,75.305
1981-09-01,81.733,79.868,74.274
1981-12-01,81.77,80.025,74.788
1982-03-01,81.87,80.204,75.208
1982-06-01,81.545,79.864,74.82
1982-09-01,81.73,80.05,75.009
1982-12-01,81.962,80.209,74.95
1983-03-01,81.569,79.815,74.553
1983-06-01,81.403,79.69,74.549
1983-09-01,81.089,79.406,74.356
1983-12-01,80.771,79.043,73.859
1984-03-01,80.567,78.678,73.01
1984-06-01,80.407,78.488,72.729
1984-09-01,80.02,78.141,72.505
1984-12-01,79.766,77.963,72.554
1985-03-01,79.984,78.107,72.477
1985-06-01,80.117,78.282,72.775
1985-09-01,80.151,78.329,72.863
1985-12-01,80.827,78.999,73.514
1986-03-01,80.865,79.052,73.612
1986-06-01,81.426,79.577,74.031
1986-09-01,82.229,80.302,74.522
1986-12-01,82.824,80.918,75.2
1987-03-01,82.914,80.962,75.106
1987-06-01,82.578,80.619,74.744
1987-09-01,82.238,80.275,74.384
1987-12-01,82.316,80.34,74.41
1988-03-01,82.434,80.364,74.155
1988-06-01,82.611,80.559,74.405
1988-09-01,82.544,80.464,74.225
1988-12-01,81.979,79.987,74.012
1989-03-01,82.248,80.161,73.897
1989-06-01,82.059,80.043,73.996
1989-09-01,82.04,80.06,74.122
1989-12-01,82.73,80.752,74.815
1990-03-01,82.595,80.624,74.711
1990-06-01,82.599,80.633,74.735
1990-09-01,83.201,81.202,75.203
1990-12-01,83.378,81.389,75.423
1991-03-01,82.846,80.92,75.143
1991-06-01,83.019,81.083,75.273
1991-09-01,83.162,81.241,75.477
1991-12-01,83.677,81.723,75.863
1992-03-01,83.761,81.767,75.785
1992-06-01,83.934,81.887,75.744
1992-09-01,84.193,82.099,75.816
1992-12-01,83.964,81.85,75.508
1993-03-01,84.122,82.008,75.666
1993-06-01,83.975,81.845,75.454
1993-09-01,83.826,81.743,75.495
1993-12-01,83.504,81.384,75.024
1994-03-01,83.092,80.95,74.526
1994-06-01,82.981,80.864,74.512
1994-09-01,82.704,80.602,74.296
1994-12-01,82.466,80.361,74.044
1995-03-01,82.686,80.589,74.296
1995-06-01,82.442,80.349,74.072
1995-09-01,82.007,79.897,73.568
1995-12-01,82.05,79.896,73.434
1996-03-01,81.912,79.698,73.058
1996-06-01,81.954,79.683,72.869
1996-09-01,81.926,79.685,72.961
1996-12-01,81.598,79.36,72.646
1997-03-01,81.59,79.32,72.51
1997-06-01,81.538,79.3,72.587
1997-09-01,81.207,78.966,72.243
1997-12-01,81.29,79.064,72.384
1998-03-01,82.076,79.799,72.968
1998-06-01,81.956,79.675,72.835
1998-09-01,81.851,79.561,72.688
1998-12-01,82.256,79.916,72.897
1999-03-01,82.243,79.896,72.853
1999-06-01,82.517,80.161,73.09
1999-09-01,82.745,80.385,73.303
1999-12-01,83.04,80.68,73.603
2000-03-01,83.407,81.087,74.128
2000-06-01,83.29,80.904,73.744
2000-09-01,83.199,80.828,73.718
2000-12-01,83.52,81.093,73.812
2001-03-01,83.255,80.801,73.436
2001-06-01,82.963,80.466,72.976
2001-09-01,83.061,80.509,72.851
2001-12-01,84.001,81.437,73.744
2002-03-01,83.117,80.538,72.803
2002-06-01,82.886,80.327,72.652
2002-09-01,82.921,80.35,72.636
2002-12-01,82.462,79.892,72.182
2003-03-01,82.515,79.969,72.329
2003-06-01,82.632,80.074,72.401
2003-09-01,82.565,80.008,72.337
2003-12-01,82.796,80.242,72.581
2004-03-01,82.52,79.916,72.102
2004-06-01,82.558,79.957,72.154
2004-09-01,82.541,79.982,72.308
2004-12-01,82.418,79.853,72.155
2005-03-01,82.182,79.692,72.219
2005-06-01,81.621,79.157,71.763
2005-09-01,81.754,79.268,71.809
2005-12-01,81.079,78.598,71.153
2006-03-01,81.317,78.789,71.206
2006-06-01,80.888,78.383,70.867
2006-09-01,80.744,78.267,70.837
2006-12-01,81.495,79.025,71.617
2007-03-01,82.223,79.856,72.755
2007-06-01,81.277,78.986,72.112
2007-09-01,81.826,79.552,72.732
2007-12-01,82.287,80.042,73.306
2008-03-01,82.276,80.079,73.487
2008-06-01,82.129,79.93,73.333
2008-09-01,81.648,79.487,73.005
2008-12-01,82.782,80.596,74.037
2009-03-01,81.188,79.045,72.614
2009-06-01,81.229,79.117,72.78
2009-09-01,80.832,78.657,72.134
2009-12-01,80.465,78.177,71.313
2010-03-01,79.939,77.547,70.371
2010-06-01,80.317,77.861,70.493
2010-09-01,79.493,77.033,69.652
2010-12-01,79.525,77.05,69.625
2011-03-01,80.517,77.977,70.355
2011-06-01,79.901,77.333,69.628
2011-09-01,80.028,77.404,69.532
2011-12-01,79.168,76.531,68.619
2012-03-01,78.988,76.363,68.488
2012-06-01,79.074,76.44,68.537
2012-09-01,79.778,77.17,69.346
2012-12-01,79.864,77.275,69.509
2013-03-01,79.914,77.259,69.294
2013-06-01,80.115,77.435,69.393
2013-09-01,79.999,77.33,69.326
2013-12-01,79.73,77.134,69.348
2014-03-01,80.634,78.036,70.244
2014-06-01,79.637,77.041,69.253
2014-09-01,78.973,76.416,68.747
2014-12-01,79.258,76.745,69.205
2015-03-01,79.725,77.252,69.833
2015-06-01,79.607,77.186,69.924
2015-09-01,79.864,77.435,70.147
2015-12-01,80.018,77.613,70.399
2016-03-01,79.847,77.466,70.322
2016-06-01,80.218,77.84,70.706
2016-09-01,80.38,77.983,70.791
2016-12-01,80.349,77.952,70.762
2017-03-01,79.779,77.365,70.122
2017-06-01,80.071,77.655,70.409
2017-09-01,80.408,78.005,70.797
2017-12-01,80.408,77.986,70.721
2018-03-01,80.105,77.701,70.49
2018-06-01,79.91,77.523,70.36
2018-09-01,79.821,77.437,70.283
2018-12-01,79.859,77.446,70.205
2019-03-01,80.046,77.661,70.508
2019-06-01,80.029,77.654,70.529
2019-09-01,79.954,77.545,70.319
2019-12-01,80.13,77.73,70.53
2020-03-01,81.338,78.93,71.706
2020-06-01,80.46,78.157,71.25
2020-09-01,78.524,75.996,68.415
2020-12-01,79.86,77.415,70.08
2021-03-01,78.837,76.409,69.126
2021-06-01,78.239,75.704,68.097
2021-09-01,78.668,76.146,68.58
2021-12-01,79.005,76.546,69.169
2022-03-01,79.237,76.818,69.56
2022-06-01,78.432,76.04,68.865
2022-09-01,78.616,76.223,69.046
2022-12-01,78.911,76.508,69.3
2023-03-01,78.53,76.134,68.945
2023-06-01,78.688,76.32,69.215
2023-09-01,78.738,76.392,69.351
2023-12-01,78.19,75.868,68.903
2024-03-01,78.484,76.16,69.189
2024-06-01,78.553,76.224,69.238
2024-09-01,78.838,76.505,69.509
2024-12-01,78.648,76.315,69.315
2025-03-01,78.653,76.308,69.273
2025-06-01,78.666,76.332,69.33
2025-09-01,78.603,76.288,69.344
2025-12-01,78.457,76.167,69.296
2026-03-01,78.187,75.896,69.023
2026-06-01,77.393,75.124,68.316
