date,0% (their measure),50%,100%
1947-03-01,70.311,80.18,90.048
1947-06-01,70.166,79.093,88.02
1947-09-01,69.97,78.904,87.839
1947-12-01,69.947,78.888,87.828
1948-03-01,68.828,77.751,86.675
1948-06-01,67.436,76.99,86.544
1948-09-01,68.105,77.527,86.948
1948-12-01,67.846,77,86.154
1949-03-01,69.191,77.571,85.95
1949-06-01,69.376,77.755,86.135
1949-09-01,69.031,77.264,85.496
1949-12-01,69.821,78.18,86.538
1950-03-01,69.7,78.298,86.895
1950-06-01,69.981,78.37,86.759
1950-09-01,70.343,78.681,87.018
1950-12-01,70.706,78.718,86.73
1951-03-01,72.495,80.798,89.102
1951-06-01,71.56,79.792,88.024
1951-09-01,70.868,79.024,87.181
1951-12-01,71.116,79.23,87.345
1952-03-01,72.168,79.84,87.512
1952-06-01,72.071,79.912,87.753
1952-09-01,71.926,79.911,87.897
1952-12-01,72.458,79.859,87.26
1953-03-01,72.673,79.995,87.317
1953-06-01,73.257,80.431,87.605
1953-09-01,73.584,80.587,87.591
1953-12-01,73.944,81.085,88.227
1954-03-01,72.761,80.045,87.329
1954-06-01,72.564,79.744,86.924
1954-09-01,72.256,79.412,86.569
1954-12-01,72.129,79.089,86.049
1955-03-01,71.356,78.375,85.394
1955-06-01,71.459,78.392,85.325
1955-09-01,71.968,78.833,85.697
1955-12-01,72.23,78.973,85.715
1956-03-01,72.733,79.449,86.166
1956-06-01,73.023,79.696,86.37
1956-09-01,72.709,79.444,86.179
1956-12-01,73.029,79.686,86.343
1957-03-01,73.003,79.583,86.164
1957-06-01,73.05,79.698,86.346
1957-09-01,73.042,79.774,86.505
1957-12-01,73.465,80.117,86.77
1958-03-01,73.194,80.273,87.353
1958-06-01,72.854,79.918,86.982
1958-09-01,72.903,79.739,86.574
1958-12-01,72.526,79.173,85.82
1959-03-01,72.916,79.44,85.965
1959-06-01,72.562,78.936,85.31
1959-09-01,72.933,79.331,85.73
1959-12-01,72.851,79.202,85.552
1960-03-01,73.301,79.401,85.501
1960-06-01,73.613,79.797,85.98
1960-09-01,73.523,79.701,85.878
1960-12-01,73.622,79.836,86.049
1961-03-01,73.56,79.906,86.253
1961-06-01,73.131,79.392,85.653
1961-09-01,72.992,79.221,85.449
1961-12-01,72.627,78.829,85.031
1962-03-01,72.492,78.652,84.811
1962-06-01,72.734,78.764,84.793
1962-09-01,72.644,78.607,84.57
1962-12-01,72.317,78.287,84.256
1963-03-01,72.468,78.386,84.304
1963-06-01,72.484,78.301,84.119
1963-09-01,72.519,78.3,84.08
1963-12-01,72.51,78.328,84.147
1964-03-01,72.122,77.84,83.558
1964-06-01,72.257,77.959,83.662
1964-09-01,72.361,78.004,83.648
1964-12-01,72.426,78.1,83.774
1965-03-01,71.691,77.342,82.993
1965-06-01,71.666,77.327,82.988
1965-09-01,71.754,77.374,82.994
1965-12-01,71.757,77.351,82.946
1966-03-01,71.475,77.187,82.899
1966-06-01,72.285,77.751,83.217
1966-09-01,72.78,78.143,83.507
1966-12-01,72.717,78.059,83.401
1967-03-01,72.971,78.32,83.669
1967-06-01,73.211,78.482,83.754
1967-09-01,73.291,78.617,83.943
1967-12-01,73.536,78.72,83.905
1968-03-01,74.211,79.417,84.624
1968-06-01,74.14,79.317,84.494
1968-09-01,74.318,79.497,84.675
1968-12-01,74.523,79.635,84.748
1969-03-01,74.719,79.74,84.761
1969-06-01,75.107,80.129,85.15
1969-09-01,75.556,80.52,85.483
1969-12-01,76.337,81.215,86.093
1970-03-01,76.815,81.628,86.442
1970-06-01,76.49,81.22,85.95
1970-09-01,76.388,81.16,85.932
1970-12-01,76.517,81.311,86.105
1971-03-01,76.069,80.784,85.499
1971-06-01,75.994,80.765,85.536
1971-09-01,75.721,80.501,85.281
1971-12-01,75.43,80.288,85.146
1972-03-01,75.721,80.419,85.118
1972-06-01,75.801,80.592,85.383
1972-09-01,75.121,79.998,84.875
1972-12-01,74.542,79.73,84.918
1973-03-01,75.016,79.989,84.962
1973-06-01,75.113,80.254,85.394
1973-09-01,74.95,80.147,85.345
1973-12-01,74.584,79.999,85.413
1974-03-01,75.464,80.551,85.639
1974-06-01,76.24,80.954,85.668
1974-09-01,76.788,81.522,86.256
1974-12-01,76.414,81.158,85.903
1975-03-01,75.73,80.378,85.026
1975-06-01,75.347,79.971,84.596
1975-09-01,74.848,79.573,84.298
1975-12-01,74.829,79.592,84.355
1976-03-01,74.894,79.558,84.223
1976-06-01,75.163,79.831,84.499
1976-09-01,75.214,79.928,84.643
1976-12-01,75.487,80.226,84.964
1977-03-01,75.53,80.231,84.932
1977-06-01,75.104,79.691,84.278
1977-09-01,74.756,79.257,83.759
1977-12-01,74.674,79.473,84.271
1978-03-01,75.039,79.793,84.547
1978-06-01,74.428,79.186,83.944
1978-09-01,74.54,79.233,83.926
1978-12-01,74.681,79.305,83.928
1979-03-01,74.899,79.639,84.379
1979-06-01,75.238,79.872,84.505
1979-09-01,75.687,80.256,84.826
1979-12-01,75.81,80.2,84.59
1980-03-01,76.648,80.728,84.809
1980-06-01,77.159,81.026,84.893
1980-09-01,76.589,80.666,84.743
1980-12-01,75.348,79.478,83.607
1981-03-01,75.41,79.489,83.568
1981-06-01,75.305,79.047,82.788
1981-09-01,74.274,78.003,81.733
1981-12-01,74.788,78.279,81.77
1982-03-01,75.208,78.539,81.87
1982-06-01,74.82,78.182,81.545
1982-09-01,75.009,78.369,81.73
1982-12-01,74.95,78.456,81.962
1983-03-01,74.553,78.061,81.569
1983-06-01,74.549,77.976,81.403
1983-09-01,74.356,77.723,81.089
1983-12-01,73.859,77.315,80.771
1984-03-01,73.01,76.789,80.567
1984-06-01,72.729,76.568,80.407
1984-09-01,72.505,76.262,80.02
1984-12-01,72.554,76.16,79.766
1985-03-01,72.477,76.231,79.984
1985-06-01,72.775,76.446,80.117
1985-09-01,72.863,76.507,80.151
1985-12-01,73.514,77.171,80.827
1986-03-01,73.612,77.239,80.865
1986-06-01,74.031,77.729,81.426
1986-09-01,74.522,78.376,82.229
1986-12-01,75.2,79.012,82.824
1987-03-01,75.106,79.01,82.914
1987-06-01,74.744,78.661,82.578
1987-09-01,74.384,78.311,82.238
1987-12-01,74.41,78.363,82.316
1988-03-01,74.155,78.294,82.434
1988-06-01,74.405,78.508,82.611
1988-09-01,74.225,78.385,82.544
1988-12-01,74.012,77.996,81.979
1989-03-01,73.897,78.073,82.248
1989-06-01,73.996,78.027,82.059
1989-09-01,74.122,78.081,82.04
1989-12-01,74.815,78.773,82.73
1990-03-01,74.711,78.653,82.595
1990-06-01,74.735,78.667,82.599
1990-09-01,75.203,79.202,83.201
1990-12-01,75.423,79.401,83.378
1991-03-01,75.143,78.994,82.846
1991-06-01,75.273,79.146,83.019
1991-09-01,75.477,79.32,83.162
1991-12-01,75.863,79.77,83.677
1992-03-01,75.785,79.773,83.761
1992-06-01,75.744,79.839,83.934
1992-09-01,75.816,80.004,84.193
1992-12-01,75.508,79.736,83.964
1993-03-01,75.666,79.894,84.122
1993-06-01,75.454,79.715,83.975
1993-09-01,75.495,79.66,83.826
1993-12-01,75.024,79.264,83.504
1994-03-01,74.526,78.809,83.092
1994-06-01,74.512,78.747,82.981
1994-09-01,74.296,78.5,82.704
1994-12-01,74.044,78.255,82.466
1995-03-01,74.296,78.491,82.686
1995-06-01,74.072,78.257,82.442
1995-09-01,73.568,77.788,82.007
1995-12-01,73.434,77.742,82.05
1996-03-01,73.058,77.485,81.912
1996-06-01,72.869,77.412,81.954
1996-09-01,72.961,77.444,81.926
1996-12-01,72.646,77.122,81.598
1997-03-01,72.51,77.05,81.59
1997-06-01,72.587,77.063,81.538
1997-09-01,72.243,76.725,81.207
1997-12-01,72.384,76.837,81.29
1998-03-01,72.968,77.522,82.076
1998-06-01,72.835,77.395,81.956
1998-09-01,72.688,77.27,81.851
1998-12-01,72.897,77.577,82.256
1999-03-01,72.853,77.548,82.243
1999-06-01,73.09,77.804,82.517
1999-09-01,73.303,78.024,82.745
1999-12-01,73.603,78.321,83.04
2000-03-01,74.128,78.767,83.407
2000-06-01,73.744,78.517,83.29
2000-09-01,73.718,78.458,83.199
2000-12-01,73.812,78.666,83.52
2001-03-01,73.436,78.346,83.255
2001-06-01,72.976,77.969,82.963
2001-09-01,72.851,77.956,83.061
2001-12-01,73.744,78.873,84.001
2002-03-01,72.803,77.96,83.117
2002-06-01,72.652,77.769,82.886
2002-09-01,72.636,77.778,82.921
2002-12-01,72.182,77.322,82.462
2003-03-01,72.329,77.422,82.515
2003-06-01,72.401,77.517,82.632
2003-09-01,72.337,77.451,82.565
2003-12-01,72.581,77.688,82.796
2004-03-01,72.102,77.311,82.52
2004-06-01,72.154,77.356,82.558
2004-09-01,72.308,77.424,82.541
2004-12-01,72.155,77.287,82.418
2005-03-01,72.219,77.201,82.182
2005-06-01,71.763,76.692,81.621
2005-09-01,71.809,76.782,81.754
2005-12-01,71.153,76.116,81.079
2006-03-01,71.206,76.261,81.317
2006-06-01,70.867,75.878,80.888
2006-09-01,70.837,75.79,80.744
2006-12-01,71.617,76.556,81.495
2007-03-01,72.755,77.489,82.223
2007-06-01,72.112,76.694,81.277
2007-09-01,72.732,77.279,81.826
2007-12-01,73.306,77.797,82.287
2008-03-01,73.487,77.881,82.276
2008-06-01,73.333,77.731,82.129
2008-09-01,73.005,77.327,81.648
2008-12-01,74.037,78.409,82.782
2009-03-01,72.614,76.901,81.188
2009-06-01,72.78,77.005,81.229
2009-09-01,72.134,76.483,80.832
2009-12-01,71.313,75.889,80.465
2010-03-01,70.371,75.155,79.939
2010-06-01,70.493,75.405,80.317
2010-09-01,69.652,74.572,79.493
2010-12-01,69.625,74.575,79.525
2011-03-01,70.355,75.436,80.517
2011-06-01,69.628,74.764,79.901
2011-09-01,69.532,74.78,80.028
2011-12-01,68.619,73.894,79.168
2012-03-01,68.488,73.738,78.988
2012-06-01,68.537,73.806,79.074
2012-09-01,69.346,74.562,79.778
2012-12-01,69.509,74.687,79.864
2013-03-01,69.294,74.604,79.914
2013-06-01,69.393,74.754,80.115
2013-09-01,69.326,74.662,79.999
2013-12-01,69.348,74.539,79.73
2014-03-01,70.244,75.439,80.634
2014-06-01,69.253,74.445,79.637
2014-09-01,68.747,73.86,78.973
2014-12-01,69.205,74.232,79.258
2015-03-01,69.833,74.779,79.725
2015-06-01,69.924,74.766,79.607
2015-09-01,70.147,75.005,79.864
2015-12-01,70.399,75.208,80.018
2016-03-01,70.322,75.084,79.847
2016-06-01,70.706,75.462,80.218
2016-09-01,70.791,75.586,80.38
2016-12-01,70.762,75.556,80.349
2017-03-01,70.122,74.951,79.779
2017-06-01,70.409,75.24,80.071
2017-09-01,70.797,75.602,80.408
2017-12-01,70.721,75.564,80.408
2018-03-01,70.49,75.298,80.105
2018-06-01,70.36,75.135,79.91
2018-09-01,70.283,75.052,79.821
2018-12-01,70.205,75.032,79.859
2019-03-01,70.508,75.277,80.046
2019-06-01,70.529,75.279,80.029
2019-09-01,70.319,75.137,79.954
2019-12-01,70.53,75.33,80.13
2020-03-01,71.706,76.522,81.338
2020-06-01,71.25,75.855,80.46
2020-09-01,68.415,73.469,78.524
2020-12-01,70.08,74.97,79.86
2021-03-01,69.126,73.982,78.837
2021-06-01,68.097,73.168,78.239
2021-09-01,68.58,73.624,78.668
2021-12-01,69.169,74.087,79.005
2022-03-01,69.56,74.399,79.237
2022-06-01,68.865,73.649,78.432
2022-09-01,69.046,73.831,78.616
2022-12-01,69.3,74.105,78.911
2023-03-01,68.945,73.737,78.53
2023-06-01,69.215,73.952,78.688
2023-09-01,69.351,74.045,78.738
2023-12-01,68.903,73.546,78.19
2024-03-01,69.189,73.836,78.484
2024-06-01,69.238,73.896,78.553
2024-09-01,69.509,74.173,78.838
2024-12-01,69.315,73.981,78.648
2025-03-01,69.273,73.963,78.653
2025-06-01,69.33,73.998,78.666
2025-09-01,69.344,73.974,78.603
2025-12-01,69.296,73.877,78.457
2026-03-01,69.023,73.605,78.187
2026-06-01,68.316,72.854,77.393
