date,Labor share of net income (TF convention)
1947-03-01,70.311
1947-06-01,70.166
1947-09-01,69.97
1947-12-01,69.947
1948-03-01,68.828
1948-06-01,67.436
1948-09-01,68.105
1948-12-01,67.846
1949-03-01,69.191
1949-06-01,69.376
1949-09-01,69.031
1949-12-01,69.821
1950-03-01,69.7
1950-06-01,69.981
1950-09-01,70.343
1950-12-01,70.706
1951-03-01,72.495
1951-06-01,71.56
1951-09-01,70.868
1951-12-01,71.116
1952-03-01,72.168
1952-06-01,72.071
1952-09-01,71.926
1952-12-01,72.458
1953-03-01,72.673
1953-06-01,73.257
1953-09-01,73.584
1953-12-01,73.944
1954-03-01,72.761
1954-06-01,72.564
1954-09-01,72.256
1954-12-01,72.129
1955-03-01,71.356
1955-06-01,71.459
1955-09-01,71.968
1955-12-01,72.23
1956-03-01,72.733
1956-06-01,73.023
1956-09-01,72.709
1956-12-01,73.029
1957-03-01,73.003
1957-06-01,73.05
1957-09-01,73.042
1957-12-01,73.465
1958-03-01,73.194
1958-06-01,72.854
1958-09-01,72.903
1958-12-01,72.526
1959-03-01,72.916
1959-06-01,72.562
1959-09-01,72.933
1959-12-01,72.851
1960-03-01,73.301
1960-06-01,73.613
1960-09-01,73.523
1960-12-01,73.622
1961-03-01,73.56
1961-06-01,73.131
1961-09-01,72.992
1961-12-01,72.627
1962-03-01,72.492
1962-06-01,72.734
1962-09-01,72.644
1962-12-01,72.317
1963-03-01,72.468
1963-06-01,72.484
1963-09-01,72.519
1963-12-01,72.51
1964-03-01,72.122
1964-06-01,72.257
1964-09-01,72.361
1964-12-01,72.426
1965-03-01,71.691
1965-06-01,71.666
1965-09-01,71.754
1965-12-01,71.757
1966-03-01,71.475
1966-06-01,72.285
1966-09-01,72.78
1966-12-01,72.717
1967-03-01,72.971
1967-06-01,73.211
1967-09-01,73.291
1967-12-01,73.536
1968-03-01,74.211
1968-06-01,74.14
1968-09-01,74.318
1968-12-01,74.523
1969-03-01,74.719
1969-06-01,75.107
1969-09-01,75.556
1969-12-01,76.337
1970-03-01,76.815
1970-06-01,76.49
1970-09-01,76.388
1970-12-01,76.517
1971-03-01,76.069
1971-06-01,75.994
1971-09-01,75.721
1971-12-01,75.43
1972-03-01,75.721
1972-06-01,75.801
1972-09-01,75.121
1972-12-01,74.542
1973-03-01,75.016
1973-06-01,75.113
1973-09-01,74.95
1973-12-01,74.584
1974-03-01,75.464
1974-06-01,76.24
1974-09-01,76.788
1974-12-01,76.414
1975-03-01,75.73
1975-06-01,75.347
1975-09-01,74.848
1975-12-01,74.829
1976-03-01,74.894
1976-06-01,75.163
1976-09-01,75.214
1976-12-01,75.487
1977-03-01,75.53
1977-06-01,75.104
1977-09-01,74.756
1977-12-01,74.674
1978-03-01,75.039
1978-06-01,74.428
1978-09-01,74.54
1978-12-01,74.681
1979-03-01,74.899
1979-06-01,75.238
1979-09-01,75.687
1979-12-01,75.81
1980-03-01,76.648
1980-06-01,77.159
1980-09-01,76.589
1980-12-01,75.348
1981-03-01,75.41
1981-06-01,75.305
1981-09-01,74.274
1981-12-01,74.788
1982-03-01,75.208
1982-06-01,74.82
1982-09-01,75.009
1982-12-01,74.95
1983-03-01,74.553
1983-06-01,74.549
1983-09-01,74.356
1983-12-01,73.859
1984-03-01,73.01
1984-06-01,72.729
1984-09-01,72.505
1984-12-01,72.554
1985-03-01,72.477
1985-06-01,72.775
1985-09-01,72.863
1985-12-01,73.514
1986-03-01,73.612
1986-06-01,74.031
1986-09-01,74.522
1986-12-01,75.2
1987-03-01,75.106
1987-06-01,74.744
1987-09-01,74.384
1987-12-01,74.41
1988-03-01,74.155
1988-06-01,74.405
1988-09-01,74.225
1988-12-01,74.012
1989-03-01,73.897
1989-06-01,73.996
1989-09-01,74.122
1989-12-01,74.815
1990-03-01,74.711
1990-06-01,74.735
1990-09-01,75.203
1990-12-01,75.423
1991-03-01,75.143
1991-06-01,75.273
1991-09-01,75.477
1991-12-01,75.863
1992-03-01,75.785
1992-06-01,75.744
1992-09-01,75.816
1992-12-01,75.508
1993-03-01,75.666
1993-06-01,75.454
1993-09-01,75.495
1993-12-01,75.024
1994-03-01,74.526
1994-06-01,74.512
1994-09-01,74.296
1994-12-01,74.044
1995-03-01,74.296
1995-06-01,74.072
1995-09-01,73.568
1995-12-01,73.434
1996-03-01,73.058
1996-06-01,72.869
1996-09-01,72.961
1996-12-01,72.646
1997-03-01,72.51
1997-06-01,72.587
1997-09-01,72.243
1997-12-01,72.384
1998-03-01,72.968
1998-06-01,72.835
1998-09-01,72.688
1998-12-01,72.897
1999-03-01,72.853
1999-06-01,73.09
1999-09-01,73.303
1999-12-01,73.603
2000-03-01,74.128
2000-06-01,73.744
2000-09-01,73.718
2000-12-01,73.812
2001-03-01,73.436
2001-06-01,72.976
2001-09-01,72.851
2001-12-01,73.744
2002-03-01,72.803
2002-06-01,72.652
2002-09-01,72.636
2002-12-01,72.182
2003-03-01,72.329
2003-06-01,72.401
2003-09-01,72.337
2003-12-01,72.581
2004-03-01,72.102
2004-06-01,72.154
2004-09-01,72.308
2004-12-01,72.155
2005-03-01,72.219
2005-06-01,71.763
2005-09-01,71.809
2005-12-01,71.153
2006-03-01,71.206
2006-06-01,70.867
2006-09-01,70.837
2006-12-01,71.617
2007-03-01,72.755
2007-06-01,72.112
2007-09-01,72.732
2007-12-01,73.306
2008-03-01,73.487
2008-06-01,73.333
2008-09-01,73.005
2008-12-01,74.037
2009-03-01,72.614
2009-06-01,72.78
2009-09-01,72.134
2009-12-01,71.313
2010-03-01,70.371
2010-06-01,70.493
2010-09-01,69.652
2010-12-01,69.625
2011-03-01,70.355
2011-06-01,69.628
2011-09-01,69.532
2011-12-01,68.619
2012-03-01,68.488
2012-06-01,68.537
2012-09-01,69.346
2012-12-01,69.509
2013-03-01,69.294
2013-06-01,69.393
2013-09-01,69.326
2013-12-01,69.348
2014-03-01,70.244
2014-06-01,69.253
2014-09-01,68.747
2014-12-01,69.205
2015-03-01,69.833
2015-06-01,69.924
2015-09-01,70.147
2015-12-01,70.399
2016-03-01,70.322
2016-06-01,70.706
2016-09-01,70.791
2016-12-01,70.762
2017-03-01,70.122
2017-06-01,70.409
2017-09-01,70.797
2017-12-01,70.721
2018-03-01,70.49
2018-06-01,70.36
2018-09-01,70.283
2018-12-01,70.205
2019-03-01,70.508
2019-06-01,70.529
2019-09-01,70.319
2019-12-01,70.53
2020-03-01,71.706
2020-06-01,71.25
2020-09-01,68.415
2020-12-01,70.08
2021-03-01,69.126
2021-06-01,68.097
2021-09-01,68.58
2021-12-01,69.169
2022-03-01,69.56
2022-06-01,68.865
2022-09-01,69.046
2022-12-01,69.3
2023-03-01,68.945
2023-06-01,69.215
2023-09-01,69.351
2023-12-01,68.903
2024-03-01,69.189
2024-06-01,69.238
2024-09-01,69.509
2024-12-01,69.315
2025-03-01,69.273
2025-06-01,69.33
2025-09-01,69.344
2025-12-01,69.296
2026-03-01,69.023
2026-06-01,68.316
