date,Nonfinancial corporate net labor share (net of depreciation),1947-49 average
1947-03-01,70.945,68.684
1947-06-01,69.334,68.684
1947-09-01,69.749,68.684
1947-12-01,69.505,68.684
1948-03-01,68.216,68.684
1948-06-01,67.314,68.684
1948-09-01,68.265,68.684
1948-12-01,67.596,68.684
1949-03-01,68.019,68.684
1949-06-01,68.635,68.684
1949-09-01,67.574,68.684
1949-12-01,69.062,68.684
1950-03-01,67.972,68.684
1950-06-01,66.858,68.684
1950-09-01,65.676,68.684
1950-12-01,65.624,68.684
1951-03-01,66.608,68.684
1951-06-01,67.734,68.684
1951-09-01,67.662,68.684
1951-12-01,67.439,68.684
1952-03-01,68.613,68.684
1952-06-01,69.279,68.684
1952-09-01,69.705,68.684
1952-12-01,69.025,68.684
1953-03-01,68.975,68.684
1953-06-01,69.605,68.684
1953-09-01,70.046,68.684
1953-12-01,72.759,68.684
1954-03-01,71.642,68.684
1954-06-01,71.028,68.684
1954-09-01,70.282,68.684
1954-12-01,69.438,68.684
1955-03-01,67.857,68.684
1955-06-01,67.882,68.684
1955-09-01,68.277,68.684
1955-12-01,68.376,68.684
1956-03-01,69.442,68.684
1956-06-01,69.753,68.684
1956-09-01,70.012,68.684
1956-12-01,70.139,68.684
1957-03-01,69.867,68.684
1957-06-01,70.304,68.684
1957-09-01,70.714,68.684
1957-12-01,71.815,68.684
1958-03-01,72.943,68.684
1958-06-01,72.284,68.684
1958-09-01,71.325,68.684
1958-12-01,70.026,68.684
1959-03-01,69.496,68.684
1959-06-01,68.87,68.684
1959-09-01,70.231,68.684
1959-12-01,70.289,68.684
1960-03-01,69.87,68.684
1960-06-01,70.968,68.684
1960-09-01,70.91,68.684
1960-12-01,71.348,68.684
1961-03-01,71.634,68.684
1961-06-01,70.636,68.684
1961-09-01,70.234,68.684
1961-12-01,69.459,68.684
1962-03-01,69.475,68.684
1962-06-01,69.835,68.684
1962-09-01,69.441,68.684
1962-12-01,68.989,68.684
1963-03-01,68.957,68.684
1963-06-01,68.466,68.684
1963-09-01,68.397,68.684
1963-12-01,68.407,68.684
1964-03-01,67.887,68.684
1964-06-01,68.09,68.684
1964-09-01,68.109,68.684
1964-12-01,68.376,68.684
1965-03-01,67.244,68.684
1965-06-01,67.191,68.684
1965-09-01,67.335,68.684
1965-12-01,67.226,68.684
1966-03-01,67.154,68.684
1966-06-01,67.85,68.684
1966-09-01,68.604,68.684
1966-12-01,68.729,68.684
1967-03-01,69.24,68.684
1967-06-01,69.442,68.684
1967-09-01,69.544,68.684
1967-12-01,69.155,68.684
1968-03-01,69.485,68.684
1968-06-01,69.16,68.684
1968-09-01,69.307,68.684
1968-12-01,69.348,68.684
1969-03-01,69.971,68.684
1969-06-01,70.646,68.684
1969-09-01,71.31,68.684
1969-12-01,72.229,68.684
1970-03-01,73.204,68.684
1970-06-01,72.533,68.684
1970-09-01,72.702,68.684
1970-12-01,73.205,68.684
1971-03-01,71.739,68.684
1971-06-01,71.743,68.684
1971-09-01,71.593,68.684
1971-12-01,71.324,68.684
1972-03-01,71.633,68.684
1972-06-01,71.783,68.684
1972-09-01,71.394,68.684
1972-12-01,70.998,68.684
1973-03-01,71.069,68.684
1973-06-01,71.729,68.684
1973-09-01,71.934,68.684
1973-12-01,71.981,68.684
1974-03-01,72.914,68.684
1974-06-01,73.175,68.684
1974-09-01,73.86,68.684
1974-12-01,74.032,68.684
1975-03-01,73.599,68.684
1975-06-01,72.4,68.684
1975-09-01,70.997,68.684
1975-12-01,71.076,68.684
1976-03-01,70.674,68.684
1976-06-01,71.286,68.684
1976-09-01,71.562,68.684
1976-12-01,72.03,68.684
1977-03-01,72.026,68.684
1977-06-01,71.172,68.684
1977-09-01,70.622,68.684
1977-12-01,71.335,68.684
1978-03-01,72.499,68.684
1978-06-01,71.166,68.684
1978-09-01,71.983,68.684
1978-12-01,71.959,68.684
1979-03-01,73.002,68.684
1979-06-01,73.427,68.684
1979-09-01,74.051,68.684
1979-12-01,74.46,68.684
1980-03-01,74.771,68.684
1980-06-01,75.907,68.684
1980-09-01,75.097,68.684
1980-12-01,73.991,68.684
1981-03-01,73.502,68.684
1981-06-01,73.241,68.684
1981-09-01,72.438,68.684
1981-12-01,73.12,68.684
1982-03-01,73.844,68.684
1982-06-01,73.547,68.684
1982-09-01,73.801,68.684
1982-12-01,74.442,68.684
1983-03-01,73.798,68.684
1983-06-01,72.815,68.684
1983-09-01,72.167,68.684
1983-12-01,71.836,68.684
1984-03-01,70.949,68.684
1984-06-01,71.158,68.684
1984-09-01,71.538,68.684
1984-12-01,71.528,68.684
1985-03-01,71.765,68.684
1985-06-01,71.944,68.684
1985-09-01,71.542,68.684
1985-12-01,72.649,68.684
1986-03-01,72.852,68.684
1986-06-01,73.444,68.684
1986-09-01,73.819,68.684
1986-12-01,73.889,68.684
1987-03-01,73.635,68.684
1987-06-01,73.04,68.684
1987-09-01,72.601,68.684
1987-12-01,72.961,68.684
1988-03-01,72.576,68.684
1988-06-01,72.688,68.684
1988-09-01,72.753,68.684
1988-12-01,72.221,68.684
1989-03-01,72.943,68.684
1989-06-01,73.123,68.684
1989-09-01,73.217,68.684
1989-12-01,73.854,68.684
1990-03-01,73.712,68.684
1990-06-01,73.48,68.684
1990-09-01,74.133,68.684
1990-12-01,74.171,68.684
1991-03-01,73.416,68.684
1991-06-01,73.584,68.684
1991-09-01,73.837,68.684
1991-12-01,74.217,68.684
1992-03-01,74.305,68.684
1992-06-01,74.425,68.684
1992-09-01,74.723,68.684
1992-12-01,74.301,68.684
1993-03-01,74.416,68.684
1993-06-01,73.896,68.684
1993-09-01,73.841,68.684
1993-12-01,72.919,68.684
1994-03-01,72.463,68.684
1994-06-01,72.134,68.684
1994-09-01,71.796,68.684
1994-12-01,71.406,68.684
1995-03-01,71.958,68.684
1995-06-01,72.003,68.684
1995-09-01,71.423,68.684
1995-12-01,71.46,68.684
1996-03-01,71.236,68.684
1996-06-01,71.294,68.684
1996-09-01,71.4,68.684
1996-12-01,71.218,68.684
1997-03-01,71.32,68.684
1997-06-01,71.33,68.684
1997-09-01,70.973,68.684
1997-12-01,71.578,68.684
1998-03-01,72.693,68.684
1998-06-01,72.918,68.684
1998-09-01,72.813,68.684
1998-12-01,73.359,68.684
1999-03-01,73.306,68.684
1999-06-01,73.338,68.684
1999-09-01,73.904,68.684
1999-12-01,74.359,68.684
2000-03-01,74.974,68.684
2000-06-01,74.915,68.684
2000-09-01,75.497,68.684
2000-12-01,76.054,68.684
2001-03-01,76.279,68.684
2001-06-01,76.087,68.684
2001-09-01,76.346,68.684
2001-12-01,76.91,68.684
2002-03-01,75.443,68.684
2002-06-01,75.1,68.684
2002-09-01,74.678,68.684
2002-12-01,73.676,68.684
2003-03-01,73.521,68.684
2003-06-01,73.411,68.684
2003-09-01,72.84,68.684
2003-12-01,72.737,68.684
2004-03-01,71.619,68.684
2004-06-01,71.269,68.684
2004-09-01,71.01,68.684
2004-12-01,70.98,68.684
2005-03-01,70.041,68.684
2005-06-01,69.213,68.684
2005-09-01,69.861,68.684
2005-12-01,68.485,68.684
2006-03-01,68.597,68.684
2006-06-01,68.692,68.684
2006-09-01,67.644,68.684
2006-12-01,68.553,68.684
2007-03-01,69.202,68.684
2007-06-01,68.806,68.684
2007-09-01,69.785,68.684
2007-12-01,69.635,68.684
2008-03-01,70.53,68.684
2008-06-01,70.432,68.684
2008-09-01,69.071,68.684
2008-12-01,70.701,68.684
2009-03-01,70.917,68.684
2009-06-01,71.561,68.684
2009-09-01,71.055,68.684
2009-12-01,69.43,68.684
2010-03-01,68.08,68.684
2010-06-01,68.004,68.684
2010-09-01,66.894,68.684
2010-12-01,67.449,68.684
2011-03-01,68.699,68.684
2011-06-01,67.225,68.684
2011-09-01,67.167,68.684
2011-12-01,66.563,68.684
2012-03-01,66.819,68.684
2012-06-01,66.729,68.684
2012-09-01,67.248,68.684
2012-12-01,67.277,68.684
2013-03-01,66.503,68.684
2013-06-01,66.836,68.684
2013-09-01,67.075,68.684
2013-12-01,67.208,68.684
2014-03-01,68.244,68.684
2014-06-01,67.166,68.684
2014-09-01,66.419,68.684
2014-12-01,66.692,68.684
2015-03-01,67.522,68.684
2015-06-01,67.948,68.684
2015-09-01,67.768,68.684
2015-12-01,68.259,68.684
2016-03-01,68.17,68.684
2016-06-01,69.117,68.684
2016-09-01,69.076,68.684
2016-12-01,69.315,68.684
2017-03-01,69.145,68.684
2017-06-01,69.148,68.684
2017-09-01,69.609,68.684
2017-12-01,69.39,68.684
2018-03-01,69.407,68.684
2018-06-01,68.947,68.684
2018-09-01,68.943,68.684
2018-12-01,68.97,68.684
2019-03-01,69.768,68.684
2019-06-01,69.739,68.684
2019-09-01,69.044,68.684
2019-12-01,69.259,68.684
2020-03-01,71.085,68.684
2020-06-01,76.338,68.684
2020-09-01,71.82,68.684
2020-12-01,70.928,68.684
2021-03-01,68.992,68.684
2021-06-01,68.084,68.684
2021-09-01,68.145,68.684
2021-12-01,67.774,68.684
2022-03-01,67.003,68.684
2022-06-01,65.94,68.684
2022-09-01,66.179,68.684
2022-12-01,66.518,68.684
2023-03-01,66.808,68.684
2023-06-01,67.048,68.684
2023-09-01,66.801,68.684
2023-12-01,66.341,68.684
2024-03-01,67.368,68.684
2024-06-01,67.149,68.684
2024-09-01,67.133,68.684
2024-12-01,67.178,68.684
2025-03-01,67.576,68.684
2025-06-01,67.145,68.684
2025-09-01,66.872,68.684
2025-12-01,66.493,68.684
2026-03-01,66.004,68.684
2026-06-01,64.73,68.684
