date,TF convention (net of production and corporate tax),Net of production taxes,Compensation / net value added
1947-03-01,88.699,78.581,70.734
1947-06-01,85.567,76.701,69.263
1947-09-01,85.8,77.216,69.735
1947-12-01,85.974,76.994,69.447
1948-03-01,83.632,75.153,68.114
1948-06-01,82.988,74.305,67.218
1948-09-01,83.699,75.259,68.101
1948-12-01,82.318,74.443,67.389
1949-03-01,82.389,75.034,67.726
1949-06-01,82.801,76.063,68.295
1949-09-01,81.984,75.044,67.276
1949-12-01,84.133,76.889,68.681
1950-03-01,85,75.485,67.684
1950-06-01,84.744,74.159,66.656
1950-09-01,85.048,73,65.555
1950-12-01,84.607,72.217,65.513
1951-03-01,88.872,73.573,66.452
1951-06-01,86.634,74.273,67.524
1951-09-01,85.082,74.198,67.418
1951-12-01,85.439,73.947,67.1
1952-03-01,86.077,75.494,68.333
1952-06-01,86.557,76.439,68.896
1952-09-01,86.816,76.847,69.251
1952-12-01,85.948,75.778,68.562
1953-03-01,86.26,75.755,68.567
1953-06-01,86.982,76.445,69.171
1953-09-01,87.298,76.917,69.549
1953-12-01,88.701,80.068,72.119
1954-03-01,87.128,78.746,71.113
1954-06-01,86.634,78.064,70.542
1954-09-01,86.12,77.178,69.883
1954-12-01,85.274,76.11,69.04
1955-03-01,83.914,74.377,67.512
1955-06-01,83.765,74.434,67.515
1955-09-01,84.36,74.923,67.91
1955-12-01,84.497,74.937,68.01
1956-03-01,85.334,76.17,69.044
1956-06-01,85.681,76.453,69.305
1956-09-01,85.403,76.83,69.52
1956-12-01,85.837,76.997,69.659
1957-03-01,85.587,76.729,69.423
1957-06-01,85.899,77.374,69.904
1957-09-01,86.12,77.787,70.271
1957-12-01,86.749,78.936,71.325
1958-03-01,87.732,80.606,72.337
1958-06-01,87.207,79.949,71.762
1958-09-01,86.644,78.79,70.947
1958-12-01,85.797,77.247,69.724
1959-03-01,85.197,76.67,69.247
1959-06-01,84.671,75.825,68.665
1959-09-01,85.662,77.567,69.82
1959-12-01,85.511,77.772,69.821
1960-03-01,85.379,77.021,69.398
1960-06-01,86.168,78.372,70.433
1960-09-01,86.064,78.585,70.426
1960-12-01,86.502,79.24,70.81
1961-03-01,86.859,79.591,71.034
1961-06-01,85.842,78.384,70.209
1961-09-01,85.525,77.851,69.852
1961-12-01,84.847,76.868,69.151
1962-03-01,84.218,76.935,69.178
1962-06-01,84.482,77.383,69.499
1962-09-01,84.297,77.101,69.149
1962-12-01,83.821,76.746,68.798
1963-03-01,83.818,76.792,68.849
1963-06-01,83.553,76.226,68.442
1963-09-01,83.544,76.139,68.401
1963-12-01,83.57,76.12,68.417
1964-03-01,82.496,75.417,67.837
1964-06-01,82.609,75.644,68.004
1964-09-01,82.65,75.674,68.012
1964-12-01,82.812,76.026,68.263
1965-03-01,81.539,74.679,67.238
1965-06-01,81.49,74.56,67.191
1965-09-01,81.527,74.611,67.307
1965-12-01,81.248,74.161,67.113
1966-03-01,81.015,73.952,67.073
1966-06-01,81.658,74.691,67.813
1966-09-01,82.194,75.388,68.501
1966-12-01,81.965,75.447,68.618
1967-03-01,82.324,75.967,69.036
1967-06-01,82.504,76.233,69.207
1967-09-01,82.695,76.466,69.336
1967-12-01,82.598,76.176,68.986
1968-03-01,83.735,76.601,69.272
1968-06-01,83.376,76.354,68.972
1968-09-01,83.521,76.618,69.108
1968-12-01,83.614,76.703,69.155
1969-03-01,83.999,77.11,69.545
1969-06-01,84.469,77.868,70.185
1969-09-01,84.889,78.597,70.818
1969-12-01,85.808,79.579,71.641
1970-03-01,86.415,80.907,72.655
1970-06-01,85.696,80.289,72.074
1970-09-01,85.967,80.422,72.109
1970-12-01,86.453,81.082,72.46
1971-03-01,85.266,79.592,71.253
1971-06-01,85.406,79.667,71.25
1971-09-01,84.967,79.469,70.991
1971-12-01,84.638,79.213,70.794
1972-03-01,84.728,79.222,71.083
1972-06-01,84.783,79.338,71.239
1972-09-01,84.587,79.083,71.007
1972-12-01,84.515,78.625,70.663
1973-03-01,84.584,78.555,70.711
1973-06-01,85.277,79.289,71.306
1973-09-01,85.17,79.564,71.516
1973-12-01,85.187,79.422,71.484
1974-03-01,85.84,80.329,72.328
1974-06-01,86.102,80.451,72.504
1974-09-01,87.155,80.96,72.998
1974-12-01,86.74,81.249,73.157
1975-03-01,85.402,80.913,72.72
1975-06-01,84.357,79.687,71.678
1975-09-01,83.713,78.162,70.501
1975-12-01,83.697,78.179,70.583
1976-03-01,83.523,77.541,70.226
1976-06-01,84.11,78.305,70.858
1976-09-01,84.273,78.615,71.139
1976-12-01,84.635,79.107,71.558
1977-03-01,84.588,78.868,71.481
1977-06-01,83.517,77.688,70.615
1977-09-01,82.745,76.989,70.033
1977-12-01,83.472,77.701,70.595
1978-03-01,84.101,78.855,71.561
1978-06-01,83.065,77.189,70.232
1978-09-01,83.119,77.379,70.942
1978-12-01,83.283,77.392,70.945
1979-03-01,84.12,78.514,72.004
1979-06-01,84.471,78.936,72.39
1979-09-01,85.09,79.693,73.046
1979-12-01,85.253,80.161,73.442
1980-03-01,86.088,80.568,73.831
1980-06-01,86.214,81.982,74.901
1980-09-01,85.838,81.28,74.159
1980-12-01,84.646,79.954,72.969
1981-03-01,84.06,79.649,72.56
1981-06-01,83.497,79.696,72.373
1981-09-01,82.666,78.887,71.662
1981-12-01,82.969,79.671,72.276
1982-03-01,83.406,80.701,73.177
1982-06-01,82.839,80.085,72.746
1982-09-01,82.992,80.23,72.89
1982-12-01,83.379,80.835,73.302
1983-03-01,82.851,80.291,72.744
1983-06-01,82.473,79.27,71.82
1983-09-01,82.306,78.791,71.354
1983-12-01,81.864,78.395,71.037
1984-03-01,81,77.192,70.107
1984-06-01,81.041,77.369,70.28
1984-09-01,80.935,77.834,70.679
1984-12-01,80.798,77.727,70.596
1985-03-01,81.08,77.85,70.71
1985-06-01,81.208,78.083,70.889
1985-09-01,81.096,77.81,70.68
1985-12-01,82.391,79.162,71.868
1986-03-01,82.959,79.53,72.219
1986-06-01,83.89,80.395,72.907
1986-09-01,84.729,81.156,73.545
1986-12-01,85.422,81.433,73.789
1987-03-01,85.325,81.397,73.782
1987-06-01,84.884,80.572,73.107
1987-09-01,84.438,80.08,72.727
1987-12-01,84.741,80.651,73.239
1988-03-01,84.62,80.657,73.186
1988-06-01,84.755,80.626,73.166
1988-09-01,84.839,80.48,73.107
1988-12-01,84.255,79.839,72.586
1989-03-01,84.761,80.281,72.923
1989-06-01,84.451,80.477,73.041
1989-09-01,84.378,80.577,73.115
1989-12-01,85.357,81.541,73.938
1990-03-01,85.111,81.426,73.866
1990-06-01,85.037,81.27,73.718
1990-09-01,86.184,82.252,74.454
1990-12-01,86.662,82.73,74.697
1991-03-01,85.528,81.775,73.695
1991-06-01,85.687,82.083,73.903
1991-09-01,86.06,82.437,74.149
1991-12-01,86.622,82.96,74.538
1992-03-01,86.55,82.615,74.332
1992-06-01,86.742,82.795,74.507
1992-09-01,87.046,83.238,74.839
1992-12-01,86.658,82.684,74.409
1993-03-01,87.349,83.164,74.715
1993-06-01,86.821,82.418,74.124
1993-09-01,86.531,82.402,74.064
1993-12-01,85.996,81.164,72.98
1994-03-01,85.33,81.148,72.757
1994-06-01,85.277,80.983,72.624
1994-09-01,84.955,80.342,72.096
1994-12-01,84.758,79.991,71.867
1995-03-01,85.124,80.27,72.197
1995-06-01,84.659,79.986,72.041
1995-09-01,83.834,79.148,71.377
1995-12-01,83.88,79.33,71.537
1996-03-01,83.403,78.798,71.185
1996-06-01,83.545,78.757,71.186
1996-09-01,83.638,78.904,71.351
1996-12-01,83.717,78.98,71.388
1997-03-01,83.199,78.583,71.223
1997-06-01,83.177,78.548,71.15
1997-09-01,82.645,77.929,70.691
1997-12-01,82.64,78.218,71.009
1998-03-01,83.727,79.328,72.104
1998-06-01,83.852,79.577,72.361
1998-09-01,83.812,79.494,72.333
1998-12-01,84.372,80.155,72.922
1999-03-01,84.218,79.99,72.831
1999-06-01,84.404,80.248,73.018
1999-09-01,84.855,80.64,73.321
1999-12-01,85.201,80.98,73.658
2000-03-01,85.629,81.335,74.109
2000-06-01,85.684,81.433,74.145
2000-09-01,85.8,81.934,74.662
2000-12-01,86.665,82.687,75.268
2001-03-01,85.995,82.69,75.439
2001-06-01,85.624,82.423,75.261
2001-09-01,85.526,82.642,75.516
2001-12-01,86.33,83.67,75.923
2002-03-01,84.432,81.848,74.346
2002-06-01,84.226,81.573,74.097
2002-09-01,84.201,81.415,73.829
2002-12-01,83.416,80.392,72.905
2003-03-01,83.348,79.971,72.408
2003-06-01,83.127,79.872,72.462
2003-09-01,83.05,79.515,72.015
2003-12-01,83.443,79.58,72.152
2004-03-01,82.394,78.447,70.935
2004-06-01,82.514,78.34,70.891
2004-09-01,82.61,78.215,70.856
2004-12-01,82.511,78.077,70.622
2005-03-01,82.234,76.775,69.432
2005-06-01,81.593,76.432,69.076
2005-09-01,81.71,76.544,69.192
2005-12-01,80.759,75.288,68.159
2006-03-01,80.445,74.946,67.859
2006-06-01,80.417,74.816,67.721
2006-09-01,79.851,74.141,67.126
2006-12-01,80.725,75.433,68.277
2007-03-01,82.145,76.717,69.388
2007-06-01,81.57,76.297,69.024
2007-09-01,82.434,77.515,70.016
2007-12-01,83.309,78.565,70.841
2008-03-01,82.956,79.021,71.277
2008-06-01,82.947,79.16,71.305
2008-09-01,83.031,79.421,71.489
2008-12-01,85.441,82.987,74.448
2009-03-01,81.84,79.41,71.382
2009-06-01,81.583,78.858,70.948
2009-09-01,80.517,77.705,70.013
2009-12-01,79.755,76.561,68.928
2010-03-01,78.756,75.429,67.891
2010-06-01,79.228,75.863,68.297
2010-09-01,77.357,73.991,66.821
2010-12-01,77.639,74.141,66.961
2011-03-01,79.758,76.211,68.606
2011-06-01,78.411,74.994,67.564
2011-09-01,78.117,75.094,67.743
2011-12-01,76.728,73.352,66.223
2012-03-01,76.596,73.073,66.048
2012-06-01,77.011,73.349,66.353
2012-09-01,77.466,73.689,66.646
2012-12-01,78.125,74.389,67.328
2013-03-01,77.9,73.975,66.79
2013-06-01,78.157,74.28,67.084
2013-09-01,78.165,74.221,66.988
2013-12-01,77.667,73.785,66.668
2014-03-01,79.239,74.926,67.642
2014-06-01,77.394,73.095,66.09
2014-09-01,76.214,72.347,65.506
2014-12-01,76.662,72.784,65.937
2015-03-01,77.25,73.253,66.397
2015-06-01,77.414,73.392,66.527
2015-09-01,77.712,73.955,67.029
2015-12-01,77.854,74.397,67.379
2016-03-01,77.573,74.008,67.086
2016-06-01,78.127,74.497,67.502
2016-09-01,78.289,74.606,67.547
2016-12-01,78.255,74.817,67.769
2017-03-01,77.632,75.053,68.028
2017-06-01,77.853,75.18,68.128
2017-09-01,78.489,75.646,68.515
2017-12-01,78.191,75.425,68.349
2018-03-01,77.651,75.18,68.071
2018-06-01,77.346,74.754,67.699
2018-09-01,77.22,74.693,67.642
2018-12-01,77.506,74.924,67.746
2019-03-01,77.836,75.476,68.322
2019-06-01,77.908,75.453,68.267
2019-09-01,77.39,74.986,67.8
2019-12-01,77.606,75.052,67.945
2020-03-01,79.494,77.217,69.848
2020-06-01,79.063,76.562,74.241
2020-09-01,74.826,72.166,70.055
2020-12-01,77.23,74.591,69.421
2021-03-01,75.574,72.844,68.115
2021-06-01,74.092,71.029,67.044
2021-09-01,74.769,71.509,66.871
2021-12-01,75.482,71.781,66.474
2022-03-01,76.175,72.317,65.808
2022-06-01,75.142,71.294,64.778
2022-09-01,75.2,71.454,64.997
2022-12-01,75.755,71.892,65.4
2023-03-01,75.564,71.815,65.482
2023-06-01,75.919,72.224,65.901
2023-09-01,75.579,71.892,65.649
2023-12-01,74.892,71.196,65.016
2024-03-01,75.914,72.041,65.809
2024-06-01,75.817,71.861,65.624
2024-09-01,75.922,72,65.696
2024-12-01,75.83,71.853,65.594
2025-03-01,76.097,72.314,66.018
2025-06-01,76.021,72.266,65.489
2025-09-01,75.772,71.975,65.114
2025-12-01,75.674,71.646,64.709
2026-03-01,75.348,71.102,64.337
2026-06-01,74.189,69.612,63.122
