date,Ex rental income of persons,Unambiguous capital (TF)
1947-03-01,6.56,9.952
1947-06-01,8.662,11.98
1947-09-01,8.809,12.161
1947-12-01,8.836,12.172
1948-03-01,10.098,13.325
1948-06-01,10.275,13.456
1948-09-01,9.901,13.052
1948-12-01,10.725,13.846
1949-03-01,10.868,14.05
1949-06-01,10.582,13.865
1949-09-01,11.133,14.504
1949-12-01,9.887,13.462
1950-03-01,9.473,13.105
1950-06-01,9.672,13.241
1950-09-01,9.513,12.982
1950-12-01,9.841,13.27
1951-03-01,7.394,10.898
1951-06-01,8.588,11.976
1951-09-01,9.451,12.819
1951-12-01,9.243,12.655
1952-03-01,9.005,12.488
1952-06-01,8.692,12.247
1952-09-01,8.534,12.103
1952-12-01,9.199,12.74
1953-03-01,9.092,12.683
1953-06-01,8.717,12.395
1953-09-01,8.633,12.409
1953-12-01,7.821,11.773
1954-03-01,8.682,12.671
1954-06-01,9.038,13.076
1954-09-01,9.397,13.431
1954-12-01,9.986,13.951
1955-03-01,10.782,14.606
1955-06-01,10.941,14.675
1955-09-01,10.607,14.303
1955-12-01,10.623,14.285
1956-03-01,10.178,13.834
1956-06-01,10.02,13.63
1956-09-01,10.257,13.821
1956-12-01,10.128,13.657
1957-03-01,10.348,13.836
1957-06-01,10.156,13.654
1957-09-01,10,13.495
1957-12-01,9.628,13.23
1958-03-01,8.908,12.647
1958-06-01,9.26,13.018
1958-09-01,9.762,13.426
1958-12-01,10.615,14.18
1959-03-01,10.545,14.035
1959-06-01,11.221,14.69
1959-09-01,10.688,14.27
1959-12-01,10.858,14.448
1960-03-01,10.955,14.499
1960-06-01,10.443,14.02
1960-09-01,10.527,14.122
1960-12-01,10.301,13.951
1961-03-01,10.056,13.747
1961-06-01,10.719,14.347
1961-09-01,10.955,14.551
1961-12-01,11.439,14.969
1962-03-01,11.702,15.189
1962-06-01,11.731,15.207
1962-09-01,11.958,15.43
1962-12-01,12.3,15.744
1963-03-01,12.256,15.696
1963-06-01,12.471,15.881
1963-09-01,12.531,15.92
1963-12-01,12.524,15.853
1964-03-01,13.213,16.442
1964-06-01,13.177,16.338
1964-09-01,13.236,16.352
1964-12-01,13.157,16.226
1965-03-01,14.013,17.007
1965-06-01,14.044,17.012
1965-09-01,14.06,17.006
1965-12-01,14.2,17.054
1966-03-01,14.295,17.101
1966-06-01,14.02,16.783
1966-09-01,13.734,16.493
1966-12-01,13.895,16.599
1967-03-01,13.614,16.331
1967-06-01,13.534,16.246
1967-09-01,13.385,16.057
1967-12-01,13.489,16.095
1968-03-01,12.834,15.376
1968-06-01,13.036,15.506
1968-09-01,12.892,15.325
1968-12-01,12.89,15.252
1969-03-01,12.901,15.239
1969-06-01,12.539,14.85
1969-09-01,12.232,14.517
1969-12-01,11.627,13.907
1970-03-01,11.294,13.558
1970-06-01,11.852,14.05
1970-09-01,11.833,14.068
1970-12-01,11.624,13.895
1971-03-01,12.33,14.501
1971-06-01,12.274,14.464
1971-09-01,12.54,14.719
1971-12-01,12.682,14.854
1972-03-01,12.727,14.882
1972-06-01,12.773,14.617
1972-09-01,13.004,15.125
1972-12-01,13.053,15.082
1973-03-01,13.088,15.038
1973-06-01,12.7,14.606
1973-09-01,12.877,14.655
1973-12-01,12.787,14.587
1974-03-01,12.553,14.361
1974-06-01,12.593,14.332
1974-09-01,11.997,13.744
1974-12-01,12.412,14.097
1975-03-01,13.355,14.974
1975-06-01,13.842,15.404
1975-09-01,14.207,15.702
1975-12-01,14.219,15.645
1976-03-01,14.41,15.777
1976-06-01,14.227,15.501
1976-09-01,14.136,15.357
1976-12-01,13.89,15.036
1977-03-01,14.11,15.068
1977-06-01,14.815,15.722
1977-09-01,15.406,16.241
1977-12-01,14.941,15.729
1978-03-01,14.639,15.453
1978-06-01,15.297,16.056
1978-09-01,15.265,16.074
1978-12-01,15.267,16.072
1979-03-01,14.846,15.621
1979-06-01,14.806,15.495
1979-09-01,14.51,15.174
1979-12-01,14.731,15.41
1980-03-01,14.534,15.191
1980-06-01,14.401,15.107
1980-09-01,14.458,15.257
1980-12-01,15.519,16.393
1981-03-01,15.555,16.432
1981-06-01,16.384,17.212
1981-09-01,17.488,18.267
1981-12-01,17.399,18.23
1982-03-01,17.345,18.13
1982-06-01,17.766,18.455
1982-09-01,17.478,18.27
1982-12-01,17.187,18.038
1983-03-01,17.618,18.431
1983-06-01,17.834,18.597
1983-09-01,18.199,18.911
1983-12-01,18.552,19.229
1984-03-01,18.792,19.433
1984-06-01,19.01,19.593
1984-09-01,19.342,19.98
1984-12-01,19.486,20.234
1985-03-01,19.34,20.016
1985-06-01,19.253,19.883
1985-09-01,19.187,19.849
1985-12-01,18.55,19.173
1986-03-01,18.606,19.135
1986-06-01,18.066,18.574
1986-09-01,17.371,17.771
1986-12-01,16.855,17.176
1987-03-01,16.744,17.086
1987-06-01,17.097,17.422
1987-09-01,17.37,17.762
1987-12-01,17.239,17.684
1988-03-01,17.113,17.566
1988-06-01,16.961,17.389
1988-09-01,17.017,17.456
1988-12-01,17.469,18.021
1989-03-01,17.294,17.752
1989-06-01,17.526,17.941
1989-09-01,17.573,17.96
1989-12-01,16.847,17.27
1990-03-01,16.967,17.405
1990-06-01,16.905,17.401
1990-09-01,16.209,16.799
1990-12-01,16.036,16.622
1991-03-01,16.545,17.154
1991-06-01,16.329,16.981
1991-09-01,16.119,16.838
1991-12-01,15.478,16.323
1992-03-01,15.348,16.239
1992-06-01,15.058,16.066
1992-09-01,14.68,15.807
1992-12-01,14.82,16.036
1993-03-01,14.484,15.878
1993-06-01,14.553,16.025
1993-09-01,14.62,16.174
1993-12-01,14.851,16.496
1994-03-01,15.149,16.908
1994-06-01,15.225,17.019
1994-09-01,15.486,17.296
1994-12-01,15.767,17.534
1995-03-01,15.52,17.314
1995-06-01,15.742,17.558
1995-09-01,16.158,17.993
1995-12-01,16.015,17.95
1996-03-01,16.108,18.088
1996-06-01,16.074,18.046
1996-09-01,16.1,18.074
1996-12-01,16.45,18.402
1997-03-01,16.512,18.41
1997-06-01,16.585,18.462
1997-09-01,16.928,18.793
1997-12-01,16.82,18.71
1998-03-01,15.98,17.924
1998-06-01,16.07,18.044
1998-09-01,16.148,18.149
1998-12-01,15.697,17.744
1999-03-01,15.714,17.757
1999-06-01,15.408,17.483
1999-09-01,15.201,17.255
1999-12-01,14.947,16.96
2000-03-01,14.616,16.593
2000-06-01,14.757,16.71
2000-09-01,14.86,16.801
2000-12-01,14.454,16.48
2001-03-01,14.707,16.745
2001-06-01,14.959,17.037
2001-09-01,14.832,16.939
2001-12-01,13.844,15.999
2002-03-01,14.763,16.883
2002-06-01,15.013,17.114
2002-09-01,14.999,17.079
2002-12-01,15.472,17.538
2003-03-01,15.332,17.485
2003-06-01,15.199,17.368
2003-09-01,15.257,17.435
2003-12-01,14.938,17.204
2004-03-01,15.212,17.48
2004-06-01,15.212,17.442
2004-09-01,15.285,17.459
2004-12-01,15.425,17.582
2005-03-01,15.769,17.818
2005-06-01,16.402,18.379
2005-09-01,16.45,18.246
2005-12-01,17.241,18.921
2006-03-01,17.131,18.683
2006-06-01,17.673,19.112
2006-09-01,17.877,19.256
2006-12-01,17.195,18.505
2007-03-01,16.515,17.777
2007-06-01,17.356,18.723
2007-09-01,16.688,18.174
2007-12-01,16.106,17.713
2008-03-01,15.812,17.724
2008-06-01,15.718,17.871
2008-09-01,16.038,18.352
2008-12-01,14.664,17.218
2009-03-01,16.246,18.812
2009-06-01,16.132,18.771
2009-09-01,16.401,19.168
2009-12-01,16.703,19.535
2010-03-01,17.02,20.061
2010-06-01,16.495,19.683
2010-09-01,17.317,20.507
2010-12-01,17.192,20.475
2011-03-01,15.946,19.483
2011-06-01,16.553,20.099
2011-09-01,16.398,19.972
2011-12-01,17.212,20.832
2012-03-01,17.495,21.012
2012-06-01,17.384,20.926
2012-09-01,16.597,20.222
2012-12-01,16.548,20.136
2013-03-01,16.358,20.086
2013-06-01,16.083,19.885
2013-09-01,16.136,20.001
2013-12-01,16.468,20.27
2014-03-01,15.495,19.366
2014-06-01,16.594,20.363
2014-09-01,17.356,21.027
2014-12-01,17.098,20.742
2015-03-01,16.698,20.275
2015-06-01,16.766,20.393
2015-09-01,16.498,20.136
2015-12-01,16.344,19.982
2016-03-01,16.51,20.153
2016-06-01,16.077,19.782
2016-09-01,15.935,19.62
2016-12-01,15.986,19.651
2017-03-01,16.599,20.221
2017-06-01,16.317,19.929
2017-09-01,15.94,19.592
2017-12-01,15.935,19.592
2018-03-01,16.267,19.895
2018-06-01,16.484,20.09
2018-09-01,16.573,20.179
2018-12-01,16.595,20.141
2019-03-01,16.451,19.954
2019-06-01,16.441,19.971
2019-09-01,16.512,20.046
2019-12-01,16.284,19.87
2020-03-01,14.887,18.662
2020-06-01,15.534,19.54
2020-09-01,17.822,21.476
2020-12-01,16.452,20.14
2021-03-01,17.612,21.163
2021-06-01,18.311,21.761
2021-09-01,17.866,21.332
2021-12-01,17.497,20.995
2022-03-01,17.19,20.763
2022-06-01,17.914,21.568
2022-09-01,17.685,21.384
2022-12-01,17.248,21.089
2023-03-01,17.523,21.47
2023-06-01,17.262,21.312
2023-09-01,17.211,21.262
2023-12-01,17.782,21.81
2024-03-01,17.376,21.516
2024-06-01,17.358,21.447
2024-09-01,17.06,21.162
2024-12-01,17.249,21.352
2025-03-01,17.229,21.347
2025-06-01,17.225,21.334
2025-09-01,17.379,21.397
2025-12-01,17.57,21.543
2026-03-01,17.842,21.813
2026-06-01,18.683,22.607
